Date,Location,Rd,Gm,Series Clinch,Name,Team,Final Score,Opp.,OTs,OT Time
1927-03-31,MTL,QF,2,x,"Morenz, Howie",MTL,1-0,MTM,1,12:05
1928-04-03,MTL,QF,2,,"Oatman, Russell",MTM,1-0,MTL,1,8:20
1928-04-07,MTM,F,2,,"Boucher, Frank",NYR,2-1,MTM,1,7:05
1929-03-21,NYR,QF,2,x,"Keeling, Butch",NYR,1-0,NYA,2,29:50
1929-03-26,TOR,SF,2,x,"Boucher, Frank",NYR,2-1,TOR,1,2:03
1930-03-20,MTM,SF,1,,"Oliver, Harry",BOS,2-1,MTM,3,45:35
1930-03-25,BOS,SF,3,,"Wilcox, Archie",MTM,1-0,BOS,2,26:27
1930-03-26,MTL,QF,2,,"Morenz, Howie",MTL,2-2-*,CBH,3,51:43
1930-03-28,MTL,SF,1,,"Rivers, Gus",MTL,2-1,NYR,4,68:52
1931-03-24,BOS,SF,1,,"Weiland, Cooney",BOS,5-4,MTL,1,18:56
1931-03-26,CBH,QF,2,x,"Adams, Stew",CBH,2-1,TOR,1,19:20
1931-03-28,MTL,SF,3,,"Mantha, Georges",MTL,4-3,BOS,1,5:10
1931-04-01,MTL,SF,5,x,"Larochelle, Wildor",MTL,3-2,BOS,1,19:00
1931-04-05,CBH,F,2,,"Gottselig, Johnny",CBH,2-1,MTL,2,24:50
1931-04-09,MTL,F,3,,"Wentworth, Cy",CBH,3-2,MTL,3,53:50
1932-03-26,MTL,SF,2,,"Cook, Bun",NYR,4-3,MTL,3,59:32
1932-04-02,TOR,SF,2,x,"Gracie, Bob",TOR,3-2,MTM,1,17:59
1933-03-25,BOS,SF,1,,"Barry, Marty",BOS,2-1,TOR,1,14:14
1933-03-28,BOS,SF,2,,"Jackson, Busher",TOR,1-0,BOS,1,15:03
1933-03-30,TOR,SF,3,,"Shore, Eddie",BOS,2-1,TOR,1,4:23
1933-04-03,TOR,SF,5,x,"Doraty, Ken",TOR,1-0,BOS,6,104:46
1933-04-13,TOR,F,4,x,"Cook, Bill",NYR,1-0,TOR,1,7:33
1934-03-22,TOR,SF,1,,"Lewis, Herbie",DET,2-1,TOR,1,1:33
1934-03-25,CBH,QF,2,,"March, Mush",CBH,1-1-*,MTL,1,11:05
1934-04-03,DET,F,1,,"Thompson, Paul",CBH,2-1,DET,2,21:10
1934-04-10,CBH,F,4,x,"March, Mush",CBH,1-0,DET,2,30:05
1935-03-23,BOS,SF,1,,"Clapper, Dit",BOS,1-0,TOR,2,33:26
1935-03-26,CBH,QF,2,,"Northcott, Baldy",MTM,1-0,CBH,1,4:02
1935-03-30,TOR,SF,4,x,"Kelly, Pep",TOR,2-1,BOS,1,1:36
1935-04-04,TOR,F,1,,"Trottier, Dave",MTM,3-2,TOR,1,5:28
1936-03-24,MTM,SF,1,,"Bruneteau, Mud",DET,1-0,MTM,6,116:30
1936-04-09,TOR,F,3,,"Boll, Buzz",TOR,4-3,DET,1,0:31
1937-03-25,NYR,QF,2,x,"Pratt, Babe",NYR,2-1,TOR,1,13:05
1937-04-01,MTL,SF,5,x,"Kilrea, Hec",DET,2-1,MTL,3,51:49
1938-03-22,NYR,QF,1,,"Sorrell, John",NYA,2-1,NYR,2,21:25
1938-03-24,TOR,SF,1,,"Parsons, George",TOR,1-0,BOS,2,21:31
1938-03-26,MTL,QF,3,x,"Thompson, Paul",CBH,3-2,MTL,1,11:49
1938-03-27,NYR,QF,3,x,"Carr, Lorne",NYA,3-2,NYR,4,60:40
1938-03-29,BOS,SF,3,x,"Drillon, Gordie",TOR,3-2,BOS,1,10:04
1938-03-31,CBH,SF,2,,"Dahlstrom, Cully",CBH,1-0,NYA,2,33:01
1939-03-21,NYR,SF,1,,"Hill, Mel",BOS,2-1,NYR,3,59:25
1939-03-23,BOS,SF,2,,"Hill, Mel",BOS,3-2,NYR,1,8:24
1939-03-26,DET,QF,3,x,"Barry, Marty",DET,1-0,MTL,1,7:47
1939-03-30,BOS,SF,5,,"Smith, Clint",NYR,2-1,BOS,1,17:19
1939-04-01,TOR,SF,3,x,"Drillon, Gordie",TOR,5-4,DET,1,5:42
1939-04-02,BOS,SF,7,x,"Hill, Mel",BOS,2-1,NYR,3,48:00
1939-04-09,BOS,F,2,,"Romnes, Doc",TOR,3-2,BOS,1,10:38
1940-03-19,DET,QF,1,,"Howe, Syd",DET,2-1,NYA,1,0:25
1940-03-19,TOR,QF,1,,"Apps, Syl",TOR,3-2,CBH,1,6:35
1940-04-02,NYR,F,1,,"Pike, Alf",NYR,2-1,TOR,1,15:30
1940-04-11,TOR,F,5,,"Patrick, Muzz",NYR,2-1,TOR,2,31:43
1940-04-13,TOR,F,6,x,"Hextall, Bryan",NYR,3-2,TOR,1,2:07
1941-03-20,DET,QF,1,,"Howe, Syd",DET,2-1,NYR,1,12:01
1941-03-22,MTL,QF,2,,"Sands, Charlie",MTL,4-3,CBH,2,34:04
1941-03-29,BOS,SF,5,,"Langelle, Pete",TOR,2-1,BOS,1,17:31
1941-03-30,CBH,SF,2,x,"Giesebrecht, Gus",DET,2-1,CBH,1,9:15
1942-03-22,CBH,QF,1,,"Smith, Des",BOS,2-1,CBH,1,6:51
1943-03-21,BOS,SF,1,,"Gallinger, Don",BOS,5-4,MTL,1,12:30
1943-03-23,DET,SF,2,,"McLean, Jack",TOR,3-2,DET,4,70:18
1943-03-25,MTL,SF,3,,"Jackson, Busher",BOS,3-2,MTL,1,3:20
1943-03-30,BOS,SF,5,x,"DeMarco, Ab",BOS,5-4,MTL,1,3:41
1943-03-30,TOR,SF,6,x,"Brown, Adam",DET,3-2,TOR,1,9:21
1944-04-13,MTL,F,4,x,"Blake, Toe",MTL,5-4,CBH,1,9:12
1945-03-27,TOR,SF,4,,"Bodnar, Gus",TOR,4-3,MTL,1,12:36
1945-03-29,DET,SF,5,,"Bruneteau, Mud",DET,3-2,BOS,1,17:12
1945-04-21,TOR,F,6,,"Bruneteau, Eddie",DET,1-0,TOR,1,14:16
1946-03-28,BOS,SF,5,x,"Gallinger, Don",BOS,4-3,DET,1,9:51
1946-03-30,MTL,F,1,,"Richard, Maurice",MTL,4-3,BOS,1,9:08
1946-04-02,MTL,F,2,,"Peters, Jimmy",MTL,3-2,BOS,1,16:55
1946-04-07,BOS,F,4,,"Reardon, Terry",BOS,3-2,MTL,1,15:13
1947-03-26,TOR,SF,1,,"Meeker, Howie",TOR,3-2,DET,1,3:05
1947-03-27,MTL,SF,2,,"Mosdell, Ken",MTL,2-1,BOS,1,5:38
1947-04-03,MTL,SF,5,x,"Quilty, John",MTL,4-3,BOS,2,36:40
1947-04-15,TOR,F,4,,"Apps, Syl",TOR,2-1,MTL,1,16:36
1948-03-24,TOR,SF,1,,"Metz, Nick",TOR,5-4,BOS,1,17:03
1949-03-22,DET,SF,1,,"McNab, Max",DET,2-1,MTL,3,44:52
1949-03-24,DET,SF,2,,"Plamondon, Gerry",MTL,4-3,DET,1,2:59
1949-03-26,TOR,SF,3,,"Dumart, Woody",BOS,5-4,TOR,1,16:14
1949-04-08,DET,F,1,,"Klukay, Joe",TOR,3-2,DET,1,17:31
1950-04-04,MTL,SF,4,,"Lach, Elmer",MTL,3-2,NYR,1,15:19
1950-04-04,TOR,SF,4,,"Reise, Leo",DET,2-1,TOR,2,20:38
1950-04-09,DET,SF,7,x,"Reise, Leo",DET,1-0,TOR,1,8:39
1950-04-18,DET,F,4,,"Raleigh, Don",NYR,4-3,DET,1,8:34
1950-04-20,DET,F,5,,"Raleigh, Don",NYR,2-1,DET,1,1:38
1950-04-23,DET,F,7,x,"Babando, Pete",DET,4-3,NYR,2,28:31
1951-03-27,DET,SF,1,,"Richard, Maurice",MTL,3-2,DET,4,61:09
1951-03-29,DET,SF,2,,"Richard, Maurice",MTL,1-0,DET,3,42:20
1951-04-11,TOR,F,1,,"Smith, Sid",TOR,3-2,MTL,1,5:51
1951-04-14,TOR,F,2,,"Richard, Maurice",MTL,3-2,TOR,1,2:55
1951-04-17,MTL,F,3,,"Kennedy, Ted",TOR,2-1,MTL,1,4:47
1951-04-19,MTL,F,4,,"Watson, Harry",TOR,3-2,MTL,1,5:15
1951-04-21,TOR,F,5,x,"Barilko, Bill",TOR,3-2,MTL,1,2:53
1952-04-06,BOS,SF,6,,"Masnick, Paul",MTL,3-2,BOS,2,27:49
1953-03-29,BOS,SF,3,,"McIntyre, Jack",BOS,2-1,DET,1,12:29
1953-03-29,CBH,SF,3,,"Dewsbury, Al",CBH,2-1,MTL,1,5:18
1953-04-16,MTL,F,5,x,"Lach, Elmer",MTL,1-0,BOS,1,1:22
1954-04-01,DET,SF,5,x,"Lindsay, Ted",DET,4-3,TOR,2,21:01
1954-04-11,DET,F,5,,"Mosdell, Ken",MTL,1-0,DET,1,5:45
1954-04-16,DET,F,7,x,"Leswick, Tony",DET,2-1,MTL,1,4:29
1955-03-29,BOS,SF,4,,"Marshall, Don",MTL,4-3,BOS,1,3:05
1956-03-24,TOR,SF,3,,"Lindsay, Ted",DET,5-4,TOR,1,4:22
1957-03-28,NYR,SF,2,,"Hebenton, Andy",NYR,4-3,MTL,1,13:38
1957-04-04,MTL,SF,5,x,"Richard, Maurice",MTL,4-3,NYR,1,1:11
1958-03-27,NYR,SF,2,,"Toppazzini, Jerry",BOS,4-3,NYR,1,4:46
1958-03-30,DET,SF,3,,"Pronovost, André",MTL,2-1,DET,1,11:52
1958-04-17,MTL,F,5,,"Richard, Maurice",MTL,3-2,BOS,1,5:45
1959-03-28,TOR,SF,3,,"Ehman, Gerry",TOR,3-2,BOS,1,5:02
1959-03-31,TOR,SF,4,,"Mahovlich, Frank",TOR,3-2,BOS,1,11:21
1959-04-14,TOR,F,3,,"Duff, Dick",TOR,3-2,MTL,1,10:06
1960-03-26,MTL,SF,2,,"Harvey, Doug",MTL,4-3,CBH,1,8:38
1960-03-27,DET,SF,3,,"Mahovlich, Frank",TOR,5-4,DET,3,43:00
1960-03-29,DET,SF,4,,"Melnyk, Gerry",DET,2-1,TOR,1,1:54
1961-03-22,TOR,SF,1,,"Armstrong, George",TOR,3-2,DET,2,24:51
1961-03-26,CBH,SF,3,,"Balfour, Murray",CBH,2-1,MTL,3,52:12
1962-04-05,TOR,SF,5,,"Kelly, Red",TOR,3-2,NYR,2,24:23
1964-04-02,DET,SF,4,,"Balfour, Murray",CBH,3-2,DET,1,8:21
1964-04-14,TOR,F,2,,"Jeffrey, Larry",DET,4-3,TOR,1,7:52
1964-04-23,DET,F,6,,"Baun, Bob",TOR,4-3,DET,1,1:43
1965-04-06,TOR,SF,3,,"Keon, Dave",TOR,3-2,MTL,1,4:17
1965-04-13,TOR,SF,6,x,"Provost, Claude",MTL,4-3,TOR,1,16:33
1966-05-05,DET,F,6,x,"Richard, Henri",MTL,3-2,DET,1,2:20
1967-04-13,NYR,SF,4,x,"Ferguson, John",MTL,2-1,NYR,1,6:28
1967-04-25,TOR,F,3,,"Pulford, Bob",TOR,3-2,MTL,2,28:26
1968-04-10,STL,QF,3,,"Keenan, Larry",STL,3-2,PHI,2,24:10
1968-04-16,MNS,QF,6,,"Marcetta, Milan",MNS,4-3,LAK,1,9:11
1968-04-16,STL,QF,6,,"Blackburn, Don",PHI,2-1,STL,2,31:18
1968-04-22,MNS,SF,2,,"MacDonald, Parker",MNS,3-2,STL,1,3:41
1968-04-27,STL,SF,4,,"Sabourin, Gary",STL,4-3,MNS,1,1:32
1968-04-28,MTL,SF,5,x,"Lemaire, Jacques",MTL,4-3,CBH,1,2:14
1968-04-29,STL,SF,5,,"McCreary, Bill",STL,3-2,MNS,1,17:27
1968-05-03,STL,SF,7,x,"Schock, Ron",STL,2-1,MNS,2,22:50
1968-05-05,STL,F,1,,"Lemaire, Jacques",MTL,3-2,STL,1,1:41
1968-05-09,MTL,F,3,,"Rousseau, Bobby",MTL,4-3,STL,1,1:13
1969-04-02,OAK,QF,1,,"Irvine, Ted",LAK,5-4,OAK,1,0:19
1969-04-10,MTL,SF,1,,"Backstrom, Ralph",MTL,3-2,BOS,1,0:42
1969-04-13,MTL,SF,2,,"Redmond, Mickey",MTL,4-3,BOS,1,4:55
1969-04-24,BOS,SF,6,x,"Béliveau, Jean",MTL,2-1,BOS,2,31:28
1970-04-12,OAK,QF,4,x,"Briere, Michel",PIT,3-2,OAK,1,8:28
1970-05-10,BOS,F,4,x,"Orr, Bobby",BOS,4-3,STL,1,0:40
1971-04-15,TOR,QF,6,x,"Nevin, Bob",NYR,2-1,TOR,1,9:07
1971-04-18,CBH,SF,1,,"Stemkowski, Pete",NYR,2-1,CBH,1,1:37
1971-04-27,CBH,SF,5,,"Hull, Bobby",CBH,3-2,NYR,1,6:35
1971-04-29,NYR,SF,6,,"Stemkowski, Pete",NYR,3-2,CBH,3,41:29
1971-05-04,CBH,F,1,,"Pappin, Jim",CBH,2-1,MTL,2,21:11
1972-04-06,BOS,QF,2,,"Harrison, Jim",TOR,4-3,BOS,1,2:58
1972-04-06,MNS,QF,2,,"Goldsworthy, Bill",MNS,6-5,STL,1,1:36
1972-04-09,PIT,QF,4,x,"Martin, Pit",CBH,6-5,PIT,1,0:12
1972-04-16,MNS,QF,7,x,"O'Shea, Kevin",STL,2-1,MNS,1,10:07
1973-04-10,MTL,QF,5,,"Robert, René",BUF,3-2,MTL,1,9:18
1973-04-10,PHI,QF,5,,"Dornhoefer, Gary",PHI,3-2,MNS,1,8:35
1973-04-14,MTL,SF,1,,"MacLeish, Rick",PHI,5-4,MTL,1,2:56
1973-04-17,MTL,SF,2,,"Robinson, Larry",MTL,4-3,PHI,1,6:45
1974-04-14,ATF,QF,4,x,"Schultz, Dave",PHI,4-3,ATF,1,5:40
1974-04-14,TOR,QF,4,x,"Hodge, Ken",BOS,4-3,TOR,1,1:27
1974-04-16,MTL,QF,5,,"Harris, Ron",NYR,3-2,MTL,1,4:07
1974-04-23,CBH,SF,3,,"Pappin, Jim",CBH,4-3,BOS,1,3:48
1974-04-28,NYR,SF,4,,"Gilbert, Rod",NYR,2-1,PHI,1,4:20
1974-05-09,BOS,F,2,,"Clarke, Bobby",PHI,3-2,BOS,1,12:01
1975-04-08,LAK,PRE,1,,"Murphy, Mike",LAK,3-2,TOR,1,8:53
1975-04-10,CBH,PRE,2,,"Boldirev, Ivan",CBH,4-3,BOS,1,7:33
1975-04-10,TOR,PRE,2,,"Stoughton, Blaine",TOR,3-2,LAK,1,10:19
1975-04-11,NYR,PRE,3,x,"Parisé, J.P.",NYI,4-3,NYR,1,0:11
1975-04-17,CBH,QF,3,,"Mikita, Stan",CBH,5-4,BUF,1,2:31
1975-04-19,TOR,QF,4,x,"Dupont, André",PHI,4-3,TOR,1,1:45
1975-04-22,MTL,QF,5,x,"Lafleur, Guy",MTL,5-4,VAN,1,17:06
1975-04-27,BUF,SF,1,,"Gare, Danny",BUF,6-5,MTL,1,4:42
1975-05-01,PHI,SF,2,,"Clarke, Bobby",PHI,5-4,NYI,1,2:56
1975-05-06,BUF,SF,5,,"Robert, René",BUF,5-4,MTL,1,5:56
1975-05-07,NYI,SF,4,,"Drouin, Jude",NYI,4-3,PHI,1,1:53
1975-05-20,BUF,F,3,,"Robert, René",BUF,5-4,PHI,1,18:29
1976-04-08,BUF,PRE,2,,"Gare, Danny",BUF,3-2,STL,1,11:43
1976-04-09,BUF,PRE,3,x,"Luce, Don",BUF,2-1,STL,1,14:27
1976-04-13,BOS,QF,2,,"Goring, Butch",LAK,3-2,BOS,1,0:27
1976-04-13,BUF,QF,2,,"Gare, Danny",BUF,3-2,NYI,1,14:04
1976-04-22,LAK,QF,6,,"Goring, Butch",LAK,4-3,BOS,1,18:28
1976-04-29,PHI,SF,2,,"Leach, Reggie",PHI,2-1,BOS,1,13:38
1977-04-15,TOR,QF,3,,"MacLeish, Rick",PHI,4-3,TOR,1,2:55
1977-04-17,TOR,QF,4,,"Leach, Reggie",PHI,6-5,TOR,1,19:10
1977-04-24,PHI,SF,1,,"Middleton, Rick",BOS,4-3,PHI,1,2:57
1977-04-26,PHI,SF,2,,"O'Reilly, Terry",BOS,5-4,PHI,2,30:07
1977-05-03,MTL,SF,5,,"Harris, Billy",NYI,4-3,MTL,1,3:58
1977-05-14,BOS,F,4,x,"Lemaire, Jacques",MTL,2-1,BOS,1,4:32
1978-04-11,PHI,PRE,1,,"Bridgman, Mel",PHI,3-2,CLR,1,0:23
1978-04-13,NYR,PRE,2,,"Murdoch, Don",NYR,4-3,BUF,1,1:37
1978-04-19,BOS,QF,2,,"O'Reilly, Terry",BOS,4-3,CBH,1,1:50
1978-04-19,NYI,QF,2,,"Bossy, Mike",NYI,3-2,TOR,1,2:50
1978-04-21,CBH,QF,3,,"McNab, Peter",BOS,4-3,CBH,1,10:17
1978-04-25,NYI,QF,5,,"Nystrom, Bob",NYI,2-1,TOR,1,8:02
1978-04-29,NYI,QF,7,x,"McDonald, Lanny",TOR,2-1,NYI,1,4:13
1978-05-02,BOS,SF,1,,"Middleton, Rick",BOS,3-2,PHI,1,1:43
1978-05-16,MTL,F,2,,"Lafleur, Guy",MTL,3-2,BOS,1,13:09
1978-05-21,BOS,F,4,,"Schmautz, Bobby",BOS,4-3,MTL,1,6:22
1979-04-12,LAK,PRE,2,x,"Esposito, Phil",NYR,2-1,LAK,1,6:11
1979-04-14,BUF,PRE,3,x,"Ferguson, George",PIT,4-3,BUF,1,0:47
1979-04-16,PHI,QF,1,,"Linseman, Ken",PHI,3-2,NYR,1,0:44
1979-04-18,NYI,QF,2,,"Bossy, Mike",NYI,1-0,CBH,1,2:31
1979-04-21,TOR,QF,3,,"Connor, Cam",MTL,4-3,TOR,2,25:25
1979-04-22,TOR,QF,4,x,"Robinson, Larry",MTL,5-4,TOR,1,4:14
1979-04-28,NYI,SF,2,,"Potvin, Denis",NYI,4-3,NYR,1,8:02
1979-05-03,BOS,SF,4,,"Ratelle, Jean",BOS,4-3,MTL,1,3:46
1979-05-03,NYR,SF,4,,"Nystrom, Bob",NYI,3-2,NYR,1,3:40
1979-05-10,MTL,SF,7,x,"Lambert, Yvon",MTL,5-4,BOS,1,9:33
1979-05-19,NYR,F,4,,"Savard, Serge",MTL,4-3,NYR,1,7:25
1980-04-08,CBH,PRE,1,,"Lecuyer, Doug",CBH,3-2,STL,1,12:34
1980-04-08,NYR,PRE,1,,"Vickers, Steve",NYR,2-1,ATF,1,0:33
1980-04-08,PHI,PRE,1,,"Clarke, Bobby",PHI,4-3,EDM,1,8:06
1980-04-11,EDM,PRE,3,x,"Linseman, Ken",PHI,3-2,EDM,2,23:56
1980-04-11,Hartford,PRE,3,x,"Lambert, Yvon",MTL,4-3,HAR,1,0:29
1980-04-11,LAK,PRE,3,,"Morrow, Ken",NYI,4-3,LAK,1,6:55
1980-04-11,TOR,PRE,3,x,"MacAdam, Al",MNS,4-3,TOR,1,0:32
1980-04-16,BOS,QF,1,,"Gillies, Clark",NYI,2-1,BOS,1,1:02
1980-04-17,BOS,QF,2,,"Bourne, Bob",NYI,5-4,BOS,1,1:24
1980-04-21,NYI,QF,4,,"O'Reilly, Terry",BOS,4-3,NYI,1,17:13
1980-05-01,BUF,SF,2,,"Nystrom, Bob",NYI,2-1,BUF,2,21:20
1980-05-13,PHI,F,1,,"Potvin, Denis",NYI,4-3,PHI,1,4:07
1980-05-24,NYI,F,6,x,"Nystrom, Bob",NYI,5-4,PHI,1,7:11
1981-04-08,BOS,PRE,1,,"Payne, Steve",MNS,5-4,BOS,1,3:34
1981-04-08,BUF,PRE,1,,"Haworth, Alan",BUF,3-2,VAN,1,5:00
1981-04-11,CBH,PRE,3,x,"Plett, Willi",CGY,5-4,CBH,2,35:17
1981-04-12,QUE,PRE,4,,"Hunter, Dale",QUE,4-3,PHI,1,0:37
1981-04-14,STL,PRE,5,x,"Crombeen, Mike",STL,4-3,PIT,2,25:16
1981-04-16,BUF,QF,1,,"Payne, Steve",MNS,4-3,BUF,1,0:22
1981-04-20,EDM,QF,4,,"Morrow, Ken",NYI,5-4,EDM,1,5:41
1981-04-20,MNS,QF,4,,"Ramsay, Craig",BUF,5-4,MNS,1,16:32
1982-04-07,MNS,DSF,1,,"Fox, Greg",CBH,3-2,MNS,1,3:34
1982-04-08,EDM,DSF,2,,"Gretzky, Wayne",EDM,3-2,LAK,1,6:20
1982-04-08,VAN,DSF,2,,"Williams, Tiger",VAN,2-1,CGY,1,14:20
1982-04-10,LAK,DSF,3,,"Evans, Daryl",LAK,6-5,EDM,1,2:35
1982-04-10,PIT,DSF,3,,"Kehoe, Rick",PIT,2-1,NYI,1,4:14
1982-04-13,MTL,DSF,5,x,"Hunter, Dale",QUE,3-2,MTL,1,0:22
1982-04-13,NYI,DSF,5,x,"Tonelli, John",NYI,4-3,PIT,1,6:19
1982-04-16,VAN,DF,2,,"Bozek, Steve",LAK,3-2,VAN,1,4:33
1982-04-18,LAK,DF,3,,"Campbell, Colin",VAN,4-3,LAK,1,1:23
1982-04-18,NYR,DF,3,,"Trottier, Bryan",NYI,4-3,NYR,1,3:00
1982-04-18,QUE,DF,3,,"Paiement, Wilf",QUE,3-2,BOS,1,11:44
1982-04-21,STL,DF,5,,"Federko, Bernie",STL,3-2,CBH,1,3:28
1982-04-23,QUE,DF,6,,"McNab, Peter",BOS,6-5,QUE,1,10:54
1982-04-27,CBH,CF,1,,"Nill, Jim",VAN,2-1,CBH,2,28:58
1982-05-01,QUE,CF,3,,"Merrick, Wayne",NYI,5-4,QUE,1,16:52
1982-05-08,NYI,F,1,,"Bossy, Mike",NYI,6-5,VAN,1,19:58
1983-04-05,BOS,DSF,1,,"Pederson, Barry",BOS,4-3,QUE,1,1:46
1983-04-06,CGY,DSF,1,,"Beers, Eddy",CGY,4-3,VAN,1,12:27
1983-04-07,MNS,DSF,2,,"Smith, Bobby",MNS,5-4,TOR,1,5:03
1983-04-10,TOR,DSF,4,x,"Ciccarelli, Dino",MNS,5-4,TOR,1,8:05
1983-04-10,VAN,DSF,4,x,"Meredith, Greg",CGY,4-3,VAN,1,1:06
1983-04-18,MNS,DF,4,,"Preston, Rich",CBH,4-3,MNS,1,10:34
1983-04-24,BOS,DF,7,x,"Park, Brad",BOS,3-2,BUF,1,1:52
1984-04-05,EDM,DSF,2,,"Gregg, Randy",EDM,5-4,WIN,1,0:21
1984-04-07,DET,DSF,3,,"Reeds, Mark",STL,4-3,DET,2,37:07
1984-04-08,DET,DSF,4,x,"Pettersson, Jörgen",STL,3-2,DET,1,2:42
1984-04-10,NYI,DSF,5,x,"Morrow, Ken",NYI,3-2,NYR,1,8:56
1984-04-13,EDM,DF,2,,"Wilson, Carey",CGY,6-5,EDM,1,3:42
1984-04-13,MNS,DF,2,,"Gilmour, Doug",STL,4-3,MNS,1,16:16
1984-04-13,NYI,DF,2,,"Kallur, Anders",NYI,5-4,WSH,1,7:35
1984-04-16,MTL,DF,4,,"Berglund, Bo",QUE,4-3,MTL,1,3:00
1984-04-20,CGY,DF,6,,"McDonald, Lanny",CGY,5-4,EDM,1,1:04
1984-04-22,MNS,DF,7,x,"Payne, Steve",MNS,4-3,STL,1,6:00
1985-04-10,EDM,DSF,1,,"Fogolin, Lee",EDM,3-2,LAK,1,3:01
1985-04-10,PHI,DSF,1,,"Howe, Mark",PHI,5-4,NYR,1,8:01
1985-04-10,WIN,DSF,1,,"Mullen, Brian",WIN,5-4,CGY,1,7:56
1985-04-10,WSH,DSF,1,,"Haworth, Alan",WSH,4-3,NYI,1,2:28
1985-04-11,WSH,DSF,2,,"Gartner, Mike",WSH,2-1,NYI,2,21:23
1985-04-13,LAK,DSF,3,x,"Anderson, Glenn",EDM,4-3,LAK,1,0:46
1985-04-18,MTL,DF,1,,"Kumpel, Mark",QUE,2-1,MTL,1,12:23
1985-04-23,QUE,DF,3,,"Hunter, Dale",QUE,7-6,MTL,1,18:36
1985-04-25,MNS,DF,4,,"Sutter, Darryl",CBH,7-6,MNS,2,21:57
1985-04-28,CBH,DF,5,,"Maruk, Dennis",MNS,5-4,CBH,1,1:14
1985-04-30,MNS,DF,6,x,"Sutter, Darryl",CBH,6-5,MNS,1,15:41
1985-05-02,MTL,DF,7,x,"Šťastný, Peter",QUE,3-2,MTL,1,2:22
1985-05-05,QUE,CF,1,,"Šťastný, Peter",QUE,2-1,PHI,1,6:20
1986-04-09,QUE,DSF,1,,"Turgeon, Sylvain",HAR,3-2,QUE,1,2:36
1986-04-12,WIN,DSF,3,x,"McDonald, Lanny",CGY,4-3,WIN,1,8:25
1986-04-17,WSH,DF,1,,"MacLellan, Brian",NYR,4-3,WSH,1,1:16
1986-04-20,EDM,DF,2,,"Anderson, Glenn",EDM,6-5,CGY,1,1:04
1986-04-23,HAR,DF,4,,"Dineen, Kevin",HAR,2-1,MTL,1,1:07
1986-04-23,NYR,DF,4,,"Brooke, Bob",NYR,6-5,WSH,1,2:40
1986-04-26,STL,DF,5,,"Reeds, Mark",STL,4-3,TOR,1,7:11
1986-04-29,MTL,DF,7,x,"Lemieux, Claude",MTL,2-1,HAR,1,5:55
1986-05-05,NYR,CF,3,,"Lemieux, Claude",MTL,4-3,NYR,1,9:41
1986-05-12,STL,CF,6,,"Wickenheiser, Doug",STL,6-5,CGY,1,7:30
1986-05-18,CGY,F,2,,"Skrudland, Brian",MTL,3-2,CGY,1,0:09
1987-04-08,HAR,DSF,1,,"MacDermid, Paul",HAR,3-2,QUE,1,2:20
1987-04-09,MTL,DSF,2,,"Näslund, Mats",MTL,4-3,BOS,1,2:38
1987-04-09,STL,DSF,2,,"Lanz, Rick",TOR,3-2,STL,1,10:17
1987-04-11,CHI,DSF,3,,"Burr, Shawn",DET,4-3,CHI,1,4:51
1987-04-11,WIN,DSF,3,,"Bullard, Mike",CGY,3-2,WIN,1,3:53
1987-04-16,QUE,DSF,6,x,"Šťastný, Peter",QUE,5-4,HAR,1,6:05
1987-04-18,WSH,DSF,7,x,"LaFontaine, Pat",NYI,3-2,WSH,4,68:47
1987-04-21,EDM,DF,1,,"Anderson, Glenn",EDM,3-2,WIN,1,0:36
1987-04-26,QUE,DF,4,,"Näslund, Mats",MTL,3-2,QUE,1,5:30
1987-04-27,TOR,DF,4,,"Allison, Mike",TOR,3-2,DET,1,9:31
1987-05-04,PHI,CF,1,,"Sinisalo, Ilkka",PHI,4-3,MTL,1,9:11
1987-05-20,EDM,F,2,,"Kurri, Jari",EDM,3-2,PHI,1,6:50
1988-04-06,NYI,DSF,1,,"LaFontaine, Pat",NYI,4-3,NJD,1,6:11
1988-04-10,BUF,DSF,4,,"Tucker, John",BUF,6-5,BOS,1,5:32
1988-04-10,NJD,DSF,4,,"Sutter, Brent",NYI,5-4,NJD,1,15:07
1988-04-10,PHI,DSF,4,,"Craven, Murray",PHI,5-4,WSH,1,1:18
1988-04-12,DET,DSF,5,,"Olczyk, Eddie",TOR,6-5,DET,1,0:34
1988-04-16,WSH,DSF,7,x,"Hunter, Dale",WSH,5-4,PHI,1,5:57
1988-04-21,CGY,DF,2,,"Gretzky, Wayne",EDM,5-4,CGY,1,7:54
1988-05-04,BOS,CF,2,,"Brown, Doug",NJD,3-2,BOS,1,17:46
1988-05-09,DET,CF,4,,"Kurri, Jari",EDM,4-3,DET,1,11:02
1989-04-05,CGY,DSF,1,,"Reinhart, Paul",VAN,4-3,CGY,1,2:47
1989-04-05,STL,DSF,1,,"Hull, Brett",STL,4-3,MNS,1,11:55
1989-04-06,DET,DSF,2,,"Sutter, Duane",CHI,5-4,DET,1,14:36
1989-04-06,STL,DSF,2,,"Meagher, Rick",STL,4-3,MNS,1,5:30
1989-04-08,HAR,DSF,3,,"Richer, Stéphane",MTL,5-4,HAR,1,5:01
1989-04-08,PHI,DSF,3,,"Miller, Kelly",WSH,4-3,PHI,1,0:51
1989-04-09,HAR,DSF,4,x,"Courtnall, Russ",MTL,4-3,HAR,1,15:12
1989-04-15,CGY,DSF,7,x,"Otto, Joel",CGY,4-3,VAN,1,19:21
1989-04-18,CGY,DF,1,,"Gilmour, Doug",CGY,4-3,LAK,1,7:47
1989-04-19,MTL,DF,2,,"Smith, Bobby",MTL,3-2,BOS,1,12:24
1989-04-20,STL,DF,2,,"Hrkac, Tony",STL,5-4,CHI,2,33:49
1989-04-21,PHI,DF,3,,"Bourque, Phil",PIT,4-3,PHI,1,12:08
1989-05-08,CHI,CF,4,,"MacInnis, Al",CGY,2-1,CHI,1,15:05
1989-05-09,MTL,CF,5,,"Poulin, Dave",PHI,2-1,MTL,1,5:02
1989-05-19,MTL,F,3,,"Walter, Ryan",MTL,4-3,CGY,2,38:08
1990-04-05,NJD,DSF,1,,"Ciccarelli, Dino",WSH,5-4,NJD,1,5:34
1990-04-06,EDM,DSF,2,,"Lamb, Mark",EDM,3-2,WIN,1,4:21
1990-04-08,LAK,DSF,3,,"Granato, Tony",LAK,2-1,CGY,1,8:37
1990-04-08,TOR,DSF,3,,"Momesso, Sergio",STL,6-5,TOR,1,6:04
1990-04-09,MTL,DSF,3,,"Skrudland, Brian",MTL,2-1,BUF,1,12:35
1990-04-09,NYI,DSF,3,,"Sutter, Brent",NYI,4-3,NYR,2,20:59
1990-04-10,WIN,DSF,4,,"Ellett, Dave",WIN,4-3,EDM,2,21:08
1990-04-14,LAK,DSF,6,x,"Krushelnyski, Mike",LAK,4-3,CGY,2,23:14
1990-04-15,HAR,DSF,6,,"Dineen, Kevin",HAR,3-2,BOS,1,12:30
1990-04-21,BOS,DF,2,,"Galley, Garry",BOS,5-4,MTL,1,3:42
1990-04-24,LAK,DF,4,x,"Murphy, Joe",EDM,6-5,LAK,1,4:42
1990-04-25,WSH,DF,4,,"Langway, Rod",WSH,4-3,NYR,1,0:34
1990-04-27,NYR,DF,5,x,"Druce, John",WSH,2-1,NYR,1,6:48
1990-05-15,BOS,F,1,,"Klíma, Petr",EDM,3-2,BOS,3,55:13
1991-04-04,CHI,DSF,1,,"Propp, Brian",MNS,4-3,CHI,1,4:14
1991-04-05,PIT,DSF,2,,"Jágr, Jaromír",PIT,5-4,NJD,1,8:52
1991-04-06,LAK,DSF,2,,"Gretzky, Wayne",LAK,3-2,VAN,1,11:08
1991-04-08,VAN,DSF,3,,"Ronning, Cliff",VAN,2-1,LAK,1,3:12
1991-04-11,MTL,DSF,5,,"Courtnall, Russ",MTL,4-3,BUF,1,5:56
1991-04-11,NYR,DSF,5,,"Ciccarelli, Dino",WSH,5-4,NYR,1,6:44
1991-04-14,EDM,DSF,6,,"Fleury, Theo",CGY,2-1,EDM,1,4:40
1991-04-16,CGY,DSF,7,x,"Tikkanen, Esa",EDM,5-4,CGY,1,6:58
1991-04-18,LAK,DF,1,,"Robitaille, Luc",LAK,4-3,EDM,1,2:13
1991-04-19,BOS,DF,2,,"Richer, Stéphane",MTL,4-3,BOS,1,0:27
1991-04-19,PIT,DF,2,,"Stevens, Kevin",PIT,7-6,WSH,1,8:10
1991-04-20,LAK,DF,2,,"Klíma, Petr",EDM,4-3,LAK,2,24:48
1991-04-22,EDM,DF,3,,"Tikkanen, Esa",EDM,4-3,LAK,2,20:48
1991-04-27,MTL,DF,6,,"Corson, Shayne",MTL,3-2,BOS,1,17:47
1991-04-28,EDM,DF,6,x,"MacTavish, Craig",EDM,4-3,LAK,1,16:57
1991-05-03,BOS,CF,2,,"Růžička, Vladimír",BOS,5-4,PIT,1,8:14
1992-04-21,BOS,DSF,2,,"Oates, Adam",BOS,3-2,BUF,1,11:14
1992-04-22,MNS,DSF,3,,"Racine, Yves",DET,5-4,MNS,1,1:15
1992-04-22,STL,DSF,3,,"Hull, Brett",STL,5-4,CHI,2,23:33
1992-04-25,BUF,DSF,4,,"Donato, Ted",BOS,5-4,BUF,1,2:08
1992-04-28,MNS,DSF,6,,"Fedorov, Sergei",DET,1-0,MNS,1,16:13
1992-04-29,HAR,DSF,6,,"Corriveau, Yvon",HAR,2-1,MTL,1,0:24
1992-05-01,MTL,DSF,7,x,"Courtnall, Russ",MTL,3-2,HAR,2,25:26
1992-05-03,VAN,DF,1,,"Murphy, Joe",EDM,4-3,VAN,1,8:36
1992-05-05,MTL,DF,2,,"Douris, Peter",BOS,3-2,MTL,1,3:12
1992-05-07,PIT,DF,3,,"King, Kris",NYR,6-5,PIT,1,1:29
1992-05-09,PIT,DF,4,,"Francis, Ron",PIT,5-4,NYR,1,2:47
1992-05-17,PIT,CF,1,,"Jágr, Jaromír",PIT,4-3,BOS,1,9:44
1992-05-20,EDM,CF,3,,"Roenick, Jeremy",CHI,4-3,EDM,1,2:45
1993-04-18,BOS,DSF,1,,"Sweeney, Bob",BUF,5-4,BOS,1,11:03
1993-04-18,QUE,DSF,1,,"Young, Scott",QUE,3-2,MTL,1,16:49
1993-04-20,WSH,DSF,2,,"Mullen, Brian",NYI,5-4,WSH,2,34:50
1993-04-22,BUF,DSF,3,,"Khmylev, Yuri",BUF,4-3,BOS,1,1:05
1993-04-22,MTL,DSF,3,,"Damphousse, Vincent",MTL,2-1,QUE,1,10:30
1993-04-22,NYI,DSF,3,,"Ferraro, Ray",NYI,4-3,WSH,1,4:46
1993-04-24,BUF,DSF,4,x,"May, Brad",BUF,6-5,BOS,1,4:48
1993-04-24,NYI,DSF,4,,"Ferraro, Ray",NYI,4-3,WSH,2,25:40
1993-04-25,STL,DSF,4,x,"Janney, Craig",STL,4-3,CHI,1,10:43
1993-04-26,QUE,DSF,5,,"Muller, Kirk",MTL,5-4,QUE,1,8:17
1993-04-27,DET,DSF,5,,"Foligno, Mike",TOR,5-4,DET,1,2:05
1993-04-27,VAN,DSF,5,,"Selänne, Teemu",WIN,4-3,VAN,1,6:18
1993-04-29,WIN,DSF,6,x,"Adams, Greg",VAN,4-3,WIN,1,4:30
1993-05-01,DET,DSF,7,x,"Borschevsky, Nikolai",TOR,4-3,DET,1,2:35
1993-05-03,TOR,DF,1,,"Gilmour, Doug",TOR,2-1,STL,2,23:16
1993-05-04,MTL,DF,2,,"Carbonneau, Guy",MTL,4-3,BUF,1,2:50
1993-05-05,TOR,DF,2,,"Brown, Jeff",STL,2-1,TOR,2,23:03
1993-05-06,BUF,DF,3,,"Dionne, Gilbert",MTL,4-3,BUF,1,8:28
1993-05-08,BUF,DF,4,x,"Muller, Kirk",MTL,4-3,BUF,1,11:37
1993-05-11,VAN,DF,5,,"Shuchuk, Gary",LAK,4-3,VAN,2,26:31
1993-05-14,PIT,DF,7,x,"Volek, David",NYI,4-3,PIT,1,5:16
1993-05-18,MTL,CF,2,,"Lebeau, Stéphan",MTL,4-3,NYI,2,26:21
1993-05-20,NYI,CF,3,,"Carbonneau, Guy",MTL,2-1,NYI,1,12:34
1993-05-25,TOR,CF,5,,"Anderson, Glenn",TOR,3-2,LAK,1,19:20
1993-05-27,LAK,CF,6,,"Gretzky, Wayne",LAK,5-4,TOR,1,1:41
1993-06-03,MTL,F,2,,"Desjardins, Éric",MTL,3-2,LAK,1,0:51
1993-06-05,LAK,F,3,,"LeClair, John",MTL,4-3,LAK,1,0:34
1993-06-07,LAK,F,4,,"LeClair, John",MTL,3-2,LAK,1,14:37
1994-04-20,TOR,CQF,2,,"Gill, Todd",TOR,1-0,CHI,1,2:15
1994-04-22,STL,CQF,3,,"Cavallini, Paul",DAL,5-4,STL,1,8:34
1994-04-24,CHI,CQF,4,,"Roenick, Jeremy",CHI,4-3,TOR,1,1:23
1994-04-25,BOS,CQF,5,,"Muller, Kirk",MTL,2-1,BOS,1,17:18
1994-04-26,CGY,CQF,5,,"Courtnall, Geoff",VAN,2-1,CGY,1,7:15
1994-04-27,BUF,CQF,6,,"Hannan, Dave",BUF,1-0,NJD,4,65:43
1994-04-28,VAN,CQF,6,,"Linden, Trevor",VAN,3-2,CGY,1,16:43
1994-04-30,CGY,CQF,7,x,"Bure, Pavel",VAN,4-3,CGY,2,22:20
1994-05-03,NJD,CSF,2,,"Sweeney, Don",BOS,6-5,NJD,1,9:08
1994-05-07,BOS,CSF,4,,"Richer, Stéphane",NJD,5-4,BOS,1,14:19
1994-05-08,VAN,CSF,4,,"Momesso, Sergio",VAN,2-1,DAL,1,11:01
1994-05-12,TOR,CSF,6,,"Gartner, Mike",TOR,3-2,SJS,1,8:53
1994-05-15,NYR,CF,1,,"Richer, Stéphane",NJD,4-3,NYR,2,35:23
1994-05-16,TOR,CF,1,,"Zezel, Peter",TOR,3-2,VAN,1,16:55
1994-05-19,NJD,CF,3,,"Matteau, Stéphane",NYR,3-2,NJD,2,26:13
1994-05-24,VAN,CF,5,x,"Adams, Greg",VAN,4-3,TOR,2,20:14
1994-05-27,NYR,CF,7,x,"Matteau, Stéphane",NYR,2-1,NJD,2,24:24
1994-05-31,NYR,F,1,,"Adams, Greg",VAN,3-2,NYR,1,19:26
1995-05-07,PHI,CQF,1,,"Dykhuis, Karl",PHI,4-3,BUF,1,10:06
1995-05-09,CGY,CQF,2,,"Dahlén, Ulf",SJS,5-4,CGY,1,12:21
1995-05-12,NJD,CQF,4,,"McKay, Randy",NJD,1-0,BOS,1,8:51
1995-05-12,NYR,CQF,4,,"Larmer, Steve",NYR,3-2,QUE,1,8:09
1995-05-14,PIT,CQF,5,,"Robitaille, Luc",PIT,6-5,WSH,1,4:30
1995-05-15,STL,CQF,5,,"Ronning, Cliff",VAN,6-5,STL,1,1:48
1995-05-17,TOR,CQF,6,,"Wood, Randy",TOR,5-4,CHI,1,10:00
1995-05-19,CGY,CQF,7,x,"Whitney, Ray",SJS,5-4,CGY,2,21:54
1995-05-21,CHI,CSF,1,,"Murphy, Joe",CHI,2-1,VAN,1,9:04
1995-05-21,PHI,CSF,1,,"Desjardins, Éric",PHI,5-4,NYR,1,7:03
1995-05-22,PHI,CSF,2,,"Haller, Kevin",PHI,4-3,NYR,1,0:25
1995-05-25,VAN,CSF,3,,"Chelios, Chris",CHI,3-2,VAN,1,6:22
1995-05-26,NJD,CSF,4,,"Broten, Neal",NJD,2-1,PIT,1,18:36
1995-05-27,VAN,CSF,4,x,"Chelios, Chris",CHI,4-3,VAN,1,5:35
1995-06-01,DET,CF,1,,"Lidström, Nicklas",DET,2-1,CHI,1,1:01
1995-06-06,CHI,CF,3,,"Konstantinov, Vladimir",DET,4-3,CHI,2,29:25
1995-06-07,NJD,CF,3,,"Lindros, Eric",PHI,3-2,NJD,1,4:19
1995-06-11,DET,CF,5,x,"Kozlov, Vyacheslav",DET,2-1,CHI,2,22:25
1996-04-16,NYR,CQF,1,,"Damphousse, Vincent",MTL,3-2,NYR,1,5:04
1996-04-18,PHI,CQF,2,,"Bellows, Brian",TBL,2-1,PHI,1,9:05
1996-04-18,TOR,CQF,2,,"Sundin, Mats",TOR,5-4,STL,1,4:02
1996-04-21,STL,CQF,3,,"Anderson, Glenn",STL,3-2,TOR,1,1:24
1996-04-21,TBL,CQF,3,,"Selivanov, Alexander",TBL,5-4,PHI,1,2:04
1996-04-23,CGY,CQF,4,x,"Murphy, Joe",CHI,2-1,CGY,3,50:02
1996-04-24,WSH,CQF,4,,"Nedvěd, Petr",PIT,3-2,WSH,4,79:15
1996-04-25,COL,CQF,5,,"Sakic, Joe",COL,5-4,VAN,1,0:51
1996-04-25,TOR,CQF,5,,"Gartner, Mike",TOR,5-4,STL,1,7:31
1996-05-02,COL,CSF,1,,"Roenick, Jeremy",CHI,3-2,COL,1,6:29
1996-05-06,CHI,CSF,3,,"Krivokrasov, Sergei",CHI,4-3,COL,1,0:46
1996-05-08,CHI,CSF,4,,"Sakic, Joe",COL,3-2,CHI,3,44:33
1996-05-08,STL,CSF,3,,"Kravchuk, Igor",STL,5-4,DET,1,3:23
1996-05-09,FLA,CSF,4,,"Lowry, Dave",FLA,4-3,PHI,1,4:06
1996-05-12,PHI,CSF,5,,"Hough, Mike",FLA,2-1,PHI,2,28:05
1996-05-13,CHI,CSF,6,x,"Ozoliņš, Sandis",COL,4-3,CHI,2,25:18
1996-05-16,DET,CSF,7,x,"Yzerman, Steve",DET,1-0,STL,2,21:15
1996-05-19,DET,CF,1,,"Keane, Mike",COL,3-2,DET,1,17:31
1996-06-10,FLA,F,4,x,"Krupp, Uwe",COL,1-0,FLA,3,44:31
1997-04-20,CHI,CQF,3,,"Krivokrasov, Sergei",CHI,4-3,COL,2,31:03
1997-04-20,EDM,CQF,3,,"Buchberger, Kelly",EDM,4-3,DAL,1,9:15
1997-04-22,NYR,CQF,3,,"Tikkanen, Esa",NYR,4-3,FLA,1,16:29
1997-04-23,OTT,CQF,4,,"Alfredsson, Daniel",OTT,1-0,BUF,1,2:34
1997-04-24,MTL,CQF,4,,"Brisebois, Patrice",MTL,4-3,NJD,3,47:37
1997-04-25,DAL,CQF,5,,"Smyth, Ryan",EDM,1-0,DAL,2,20:22
1997-04-25,FLA,CQF,5,x,"Tikkanen, Esa",NYR,3-2,FLA,1,12:02
1997-04-27,PHX,CQF,6,,"Kariya, Paul",MDA,3-2,PHX,1,7:29
1997-04-29,BUF,CQF,7,x,"Plante, Derek",BUF,3-2,OTT,1,5:24
1997-04-29,DAL,CQF,7,x,"Marchant, Todd",EDM,4-3,DAL,1,12:26
1997-05-02,DET,CSF,1,,"Lapointe, Martin",DET,2-1,MDA,1,0:59
1997-05-04,DET,CSF,2,,"Kozlov, Vyacheslav",DET,3-2,MDA,3,41:31
1997-05-08,MDA,CSF,4,x,"Shanahan, Brendan",DET,3-2,MDA,2,37:03
1997-05-09,EDM,CSF,4,,"Lemieux, Claude",COL,3-2,EDM,1,8:35
1997-05-09,PHI,CSF,4,,"Ronan, Ed",BUF,5-4,PHI,1,6:24
1997-05-11,NJD,CSF,5,x,"Graves, Adam",NYR,2-1,NJD,1,14:08
1998-04-22,NJD,CQF,1,,"Gardiner, Bruce",OTT,2-1,NJD,1,5:58
1998-04-23,PIT,CQF,1,,"Brunet, Benoît",MTL,3-2,PIT,1,18:43
1998-04-24,WSH,CQF,2,,"Van Impe, Darren",BOS,4-3,WSH,2,20:54
1998-04-26,BOS,CQF,3,,"Juneau, Joé",WSH,3-2,BOS,2,26:31
1998-04-26,EDM,CQF,3,,"Sakic, Joe",COL,5-4,EDM,1,15:25
1998-04-26,OTT,CQF,3,,"Yashin, Alexei",OTT,2-1,NJD,1,2:47
1998-04-28,SJS,CQF,4,,"Zyuzin, Andrei",SJS,1-0,DAL,1,6:31
1998-05-01,PHI,CQF,5,x,"Grošek, Michal",BUF,3-2,PHI,1,5:40
1998-05-02,SJS,CQF,6,x,"Keane, Mike",DAL,3-2,SJS,1,3:43
1998-05-03,BOS,CQF,6,x,"Bellows, Brian",WSH,3-2,BOS,1,15:24
1998-05-08,BUF,CSF,1,,"Sanderson, Geoff",BUF,3-2,MTL,1,2:37
1998-05-11,EDM,CSF,3,,"Hogue, Benoît",DAL,1-0,EDM,1,13:07
1998-05-12,MTL,CSF,3,,"Peca, Michael",BUF,5-4,MTL,2,21:24
1998-05-12,STL,CSF,3,,"Shanahan, Brendan",DET,3-2,STL,2,31:12
1998-05-25,WSH,CF,2,,"Krygier, Todd",WSH,3-2,BUF,1,3:01
1998-05-28,BUF,CF,3,,"Bondra, Peter",WSH,4-3,BUF,1,9:37
1998-06-03,DAL,CF,5,,"Langenbrunner, Jamie",DAL,3-2,DET,1,0:46
1998-06-04,BUF,CF,6,x,"Juneau, Joé",WSH,3-2,BUF,1,6:24
1998-06-11,DET,F,2,,"Draper, Kris",DET,5-4,WSH,1,15:24
1999-04-23,OTT,CQF,2,,"Šatan, Miroslav",BUF,3-2,OTT,2,30:35
1999-04-24,CAR,CQF,2,,"Sheppard, Ray",CAR,3-2,BOS,1,17:05
1999-04-24,PHX,CQF,2,,"Doan, Shane",PHX,4-3,STL,1,8:58
1999-04-26,SJS,CQF,2,,"Hejduk, Milan",COL,2-1,SJS,1,7:53
1999-04-27,EDM,CQF,4,x,"Nieuwendyk, Joe",DAL,3-2,EDM,3,57:34
1999-04-30,CAR,CQF,5,,"Carter, Anson",BOS,4-3,CAR,2,34:45
1999-04-30,PHX,CQF,5,,"Young, Scott",STL,2-1,PHX,1,5:43
1999-04-30,Toronto,CQF,5,,"Perreault, Yanic",TOR,2-1,PHI,1,11:51
1999-05-02,PIT,CQF,6,,"Jágr, Jaromír",PIT,3-2,NJD,1,8:59
1999-05-03,SJS,CQF,6,x,"Hejduk, Milan",COL,3-2,SJS,1,13:12
1999-05-04,PHX,CQF,7,x,"Turgeon, Pierre",STL,1-0,PHX,1,17:59
1999-05-07,COL,CSF,1,,"Maltby, Kirk",DET,3-2,COL,1,4:18
1999-05-08,DAL,CSF,2,,"Nieuwendyk, Joe",DAL,5-4,STL,1,8:22
1999-05-10,STL,CSF,3,,"Demitra, Pavol",STL,3-2,DAL,1,2:43
1999-05-12,STL,CSF,4,,"Turgeon, Pierre",STL,3-2,DAL,1,5:52
1999-05-13,PIT,CSF,4,,"Berezin, Sergei",TOR,3-2,PIT,1,2:18
1999-05-17,PIT,CSF,6,x,"Valk, Garry",TOR,4-3,PIT,1,1:57
1999-05-17,STL,CSF,6,x,"Modano, Mike",DAL,2-1,STL,1,2:21
1999-05-28,COL,CF,4,,"Drury, Chris",COL,3-2,DAL,1,19:29
1999-06-08,DAL,F,1,,"Woolley, Jason",BUF,3-2,DAL,1,15:30
1999-06-19,BUF,F,6,x,"Hull, Brett",DAL,2-1,BUF,3,54:51
2000-04-15,PIT,CQF,2,,"Jágr, Jaromír",PIT,2-1,WSH,1,5:49
2000-04-18,BUF,CQF,4,,"Barnes, Stu",BUF,3-2,PHI,1,4:42
2000-04-22,TOR,CQF,5,,"Thomas, Steve",TOR,2-1,OTT,1,14:47
2000-05-02,PIT,CSF,3,,"Delmore, Andy",PHI,4-3,PIT,1,11:01
2000-05-03,DET,CSF,4,,"Drury, Chris",COL,3-2,DET,1,10:21
2000-05-04,PIT,CSF,4,,"Primeau, Keith",PHI,2-1,PIT,5,92:01
2000-05-23,DAL,CF,5,,"Nieuwendyk, Joe",DAL,3-2,COL,1,12:10
2000-06-08,NJD,F,5,,"Modano, Mike",DAL,1-0,NJD,3,46:21
2000-06-10,DAL,F,6,x,"Arnott, Jason",NJD,2-1,DAL,2,28:20
2001-04-11,DAL,CQF,1,,"Langenbrunner, Jamie",DAL,2-1,EDM,1,2:08
2001-04-13,OTT,CQF,1,,"Sundin, Mats",TOR,1-0,OTT,1,10:49
2001-04-14,PHI,CQF,2,,"McKee, Jay",BUF,4-3,PHI,1,18:02
2001-04-15,EDM,CQF,3,,"Hogue, Benoît",DAL,3-2,EDM,1,19:48
2001-04-16,TOR,CQF,3,,"Cross, Cory",TOR,3-2,OTT,1,2:16
2001-04-16,VAN,CQF,3,,"Forsberg, Peter",COL,4-3,VAN,1,2:50
2001-04-17,BUF,CQF,4,,"Brown, Curtis",BUF,4-3,PHI,1,6:13
2001-04-17,EDM,CQF,4,,"Comrie, Mike",EDM,2-1,DAL,1,17:19
2001-04-18,CAR,CQF,4,,"Brind'Amour, Rod",CAR,3-2,NJD,1,0:46
2001-04-18,LAK,CQF,4,,"Bélanger, Éric",LAK,4-3,DET,1,2:36
2001-04-18,PIT,CQF,4,,"Halpern, Jeff",WSH,4-3,PIT,1,4:01
2001-04-19,DAL,CQF,5,,"Muller, Kirk",DAL,4-3,EDM,1,8:01
2001-04-19,STL,CQF,5,,"Salvador, Bryce",STL,3-2,SJS,1,9:54
2001-04-23,LAK,CQF,6,x,"Deadmarsh, Adam",LAK,3-2,DET,1,4:48
2001-04-23,PIT,CQF,6,x,"Straka, Martin",PIT,4-3,WSH,1,13:04
2001-04-26,COL,CSF,1,,"Modrý, Jaroslav",LAK,4-3,COL,1,14:23
2001-04-28,NJD,CSF,2,,"McKay, Randy",NJD,6-5,TOR,1,5:31
2001-05-01,STL,CSF,3,,"Stillman, Cory",STL,3-2,DAL,2,29:26
2001-05-01,TOR,CSF,3,,"Rafalski, Brian",NJD,3-2,TOR,1,7:00
2001-05-05,BUF,CSF,5,,"Barnes, Stu",BUF,3-2,PIT,1,8:34
2001-05-06,LAK,CSF,6,,"Murray, Glen",LAK,1-0,COL,2,22:41
2001-05-08,PIT,CSF,6,,"Straka, Martin",PIT,3-2,BUF,1,11:29
2001-05-10,BUF,CSF,7,x,"Kasparaitis, Darius",PIT,3-2,BUF,1,13:01
2001-05-16,STL,CF,3,,"Young, Scott",STL,4-3,COL,2,30:27
2001-05-18,STL,CF,4,,"Yelle, Stéphane",COL,4-3,STL,1,4:23
2001-05-21,COL,CF,5,x,"Sakic, Joe",COL,2-1,STL,1,0:24
2002-04-17,DET,CQF,1,,"Sedin, Henrik",VAN,4-3,DET,1,13:59
2002-04-17,PHI,CQF,1,,"Fedotenko, Ruslan",PHI,1-0,OTT,1,7:47
2002-04-19,CAR,CQF,2,,"Battaglia, Bates",CAR,2-1,NJD,1,15:26
2002-04-24,CAR,CQF,5,,"Vašíček, Josef",CAR,3-2,NJD,1,8:16
2002-04-25,COL,CQF,5,,"Johnson, Craig",LAK,1-0,COL,1,2:19
2002-04-26,PHI,CQF,5,x,"Havlát, Martin",OTT,2-1,PHI,1,7:33
2002-05-04,TOR,CSF,2,,"Roberts, Gary",TOR,3-2,OTT,3,44:30
2002-05-07,MTL,CSF,3,,"Audette, Donald",MTL,2-1,CAR,1,2:26
2002-05-09,MTL,CSF,4,,"Wallin, Niclas",CAR,4-3,MTL,1,3:14
2002-05-13,SJS,CSF,6,,"Forsberg, Peter",COL,2-1,SJS,1,2:47
2002-05-19,CAR,CF,2,,"Wallin, Niclas",CAR,2-1,TOR,1,13:42
2002-05-20,DET,CF,2,,"Drury, Chris",COL,4-3,DET,1,2:17
2002-05-21,TOR,CF,3,,"O'Neill, Jeff",CAR,2-1,TOR,1,6:01
2002-05-22,COL,CF,3,,"Olausson, Fredrik",DET,2-1,COL,1,12:44
2002-05-27,DET,CF,5,,"Forsberg, Peter",COL,2-1,DET,1,6:24
2002-05-28,TOR,CF,6,x,"Gélinas, Martin",CAR,2-1,TOR,1,8:05
2002-06-04,DET,F,1,,"Francis, Ron",CAR,3-2,DET,1,0:58
2002-06-08,CAR,F,3,,"Larionov, Igor",DET,3-2,CAR,3,54:47
2003-04-10,DET,CQF,1,,"Kariya, Paul",MDA,2-1,DET,3,43:18
2003-04-14,NYI,CQF,3,,"White, Todd",OTT,3-2,NYI,2,22:25
2003-04-14,TOR,CQF,3,,"Kaberle, Tomáš",TOR,4-3,PHI,2,27:20
2003-04-15,WSH,CQF,3,,"Lecavalier, Vincent",TBL,4-3,WSH,1,2:29
2003-04-16,MDA,CQF,4,x,"Rucchin, Steve",MDA,3-2,DET,1,6:53
2003-04-16,TOR,CQF,4,,"Recchi, Mark",PHI,3-2,TOR,3,53:54
2003-04-20,WSH,CQF,6,x,"St. Louis, Martin",TBL,2-1,WSH,3,44:03
2003-04-21,MIN,CQF,6,,"Park, Richard",MIN,3-2,COL,1,4:22
2003-04-21,TOR,CQF,6,,"Green, Travis",TOR,2-1,PHI,2,30:51
2003-04-22,COL,CQF,7,x,"Brunette, Andrew",MIN,3-2,COL,1,3:25
2003-04-24,DAL,CSF,1,,"Sýkora, Petr",MDA,4-3,DAL,5,80:48
2003-04-25,VAN,CSF,1,,"Klatt, Trent",VAN,4-3,MIN,1,3:42
2003-04-26,DAL,CSF,2,,"Leclerc, Mike",MDA,3-2,DAL,1,1:44
2003-04-26,NJD,CSF,2,,"Langenbrunner, Jamie",NJD,3-2,TBL,1,2:09
2003-04-29,PHI,CSF,3,,"Redden, Wade",OTT,3-2,PHI,1,6:43
2003-05-02,MIN,CSF,4,,"Sopel, Brent",VAN,3-2,MIN,1,15:52
2003-05-02,NJD,CSF,5,x,"Marshall, Grant",NJD,2-1,TBL,3,51:12
2003-05-10,MIN,CF,1,,"Sýkora, Petr",MDA,1-0,MIN,2,28:06
2003-05-10,OTT,CF,1,,"Van Allen, Shaun",OTT,3-2,NJD,1,3:08
2003-05-21,NJD,CF,6,,"Phillips, Chris",OTT,2-1,NJD,1,15:51
2003-05-31,MDA,F,3,,"Salei, Ruslan",MDA,3-2,NJD,1,6:59
2003-06-02,MDA,F,4,,"Thomas, Steve",MDA,1-0,NJD,1,0:39
2004-04-08,SJS,CQF,1,,"Dimitrakos, Niko",SJS,1-0,STL,1,9:16
2004-04-09,BOS,CQF,2,,"Bergeron, Patrice",BOS,2-1,MTL,1,1:26
2004-04-12,DAL,CQF,3,,"Ott, Steve",DAL,4-3,COL,1,2:11
2004-04-13,MTL,CQF,4,,"Murray, Glen",BOS,4-3,MTL,2,29:27
2004-04-14,DAL,CQF,4,,"Svatoš, Marek",COL,3-2,DAL,2,25:21
2004-04-16,TBL,CQF,5,x,"St. Louis, Martin",TBL,3-2,NYI,1,4:07
2004-04-17,CGY,CQF,6,,"Morrison, Brendan",VAN,5-4,CGY,3,42:28
2004-04-18,OTT,CQF,6,,"Fisher, Mike",OTT,2-1,TOR,2,21:47
2004-04-19,VAN,CQF,7,x,"Gélinas, Martin",CGY,3-2,VAN,1,1:25
2004-04-22,DET,CSF,1,,"Nilson, Marcus",CGY,2-1,DET,1,2:39
2004-04-27,MTL,CSF,3,,"Richards, Brad",TBL,4-3,MTL,1,1:05
2004-04-28,COL,CSF,4,,"Sakic, Joe",COL,1-0,SJS,1,5:15
2004-05-01,SJS,CSF,5,,"Sakic, Joe",COL,2-1,SJS,1,1:54
2004-05-03,CGY,CSF,6,x,"Gélinas, Martin",CGY,1-0,DET,1,19:13
2004-05-04,TOR,CSF,6,x,"Roenick, Jeremy",PHI,3-2,TOR,1,7:39
2004-05-09,SJS,CF,1,,"Montador, Steve",CGY,4-3,SJS,1,18:43
2004-05-20,PHI,CF,6,,"Gagné, Simon",PHI,5-4,TBL,1,18:18
2004-06-03,TBL,F,5,,"Saprykin, Oleg",CGY,3-2,TBL,1,14:40
2004-06-05,CGY,F,6,,"St. Louis, Martin",TBL,3-2,CGY,2,20:33
2006-04-21,CGY,CQF,1,,"McCarty, Darren",CGY,2-1,MDA,1,9:45
2006-04-21,DET,CQF,1,,"Maltby, Kirk",DET,3-2,EDM,2,22:39
2006-04-22,BUF,CQF,1,,"Brière, Daniel",BUF,3-2,PHI,2,27:31
2006-04-24,CAR,CQF,2,,"Ryder, Michael",MTL,6-5,CAR,2,22:32
2006-04-24,DAL,CQF,2,,"Sakic, Joe",COL,5-4,DAL,1,4:36
2006-04-25,EDM,CQF,3,,"Stoll, Jarret",EDM,4-3,DET,2,28:44
2006-04-26,COL,CQF,3,,"Tanguay, Alex",COL,4-3,DAL,1,1:09
2006-04-26,MTL,CQF,3,,"Staal, Eric",CAR,2-1,MTL,1,3:38
2006-04-27,MDA,CQF,4,,"O'Donnell, Sean",MDA,3-2,CGY,1,1:36
2006-04-30,DAL,CQF,5,x,"Brunette, Andrew",COL,3-2,DAL,1,13:55
2006-05-02,MTL,CQF,6,x,"Stillman, Cory",CAR,2-1,MTL,1,1:19
2006-05-05,OTT,CSF,1,,"Drury, Chris",BUF,7-6,OTT,1,0:18
2006-05-08,CAR,CSF,2,,"Wallin, Niclas",CAR,3-2,NJD,1,3:09
2006-05-09,COL,CSF,3,,"Lupul, Joffrey",MDA,4-3,COL,1,16:30
2006-05-10,BUF,CSF,3,,"Dumont, J.P.",BUF,3-2,OTT,1,5:05
2006-05-10,EDM,CSF,3,,"Horcoff, Shawn",EDM,3-2,SJS,3,42:24
2006-05-13,OTT,CSF,5,x,"Pominville, Jason",BUF,3-2,OTT,1,2:26
2006-05-28,CAR,CF,5,,"Stillman, Cory",CAR,4-3,BUF,1,8:46
2006-05-30,BUF,CF,6,,"Brière, Daniel",BUF,2-1,CAR,1,4:22
2006-06-14,CAR,F,5,,"Pisani, Fernando",EDM,4-3,CAR,1,3:31
2007-04-11,NSH,CQF,1,,"Rissmiller, Patrick",SJS,5-4,NSH,2,28:14
2007-04-11,VAN,CQF,1,,"Sedin, Henrik",VAN,5-4,DAL,4,78:06
2007-04-15,DAL,CQF,3,,"Pyatt, Taylor",VAN,2-1,DAL,1,7:47
2007-04-18,TBL,CQF,4,,"Gomez, Scott",NJD,4-3,TBL,1,12:54
2007-04-19,VAN,CQF,5,,"Morrow, Brenden",DAL,1-0,VAN,1,6:22
2007-04-22,CGY,CQF,6,x,"Franzén, Johan",DET,2-1,CGY,2,24:23
2007-04-27,ANA,CSF,2,,"Cowan, Jeff",VAN,2-1,ANA,2,27:49
2007-04-28,NJD,CSF,2,,"Langenbrunner, Jamie",NJD,3-2,OTT,2,21:55
2007-04-29,NYR,CSF,3,,"Rozsíval, Michal",NYR,2-1,BUF,2,36:43
2007-05-01,VAN,CSF,4,,"Moen, Travis",ANA,3-2,VAN,1,2:07
2007-05-02,SJS,CSF,4,,"Schneider, Mathieu",DET,3-2,SJS,1,16:04
2007-05-03,ANA,CSF,5,x,"Niedermayer, Scott",ANA,2-1,VAN,2,24:30
2007-05-04,BUF,CSF,5,,"Afinogenov, Maxim",BUF,2-1,NYR,1,4:39
2007-05-12,BUF,CF,2,,"Corvo, Joe",OTT,4-3,BUF,2,24:58
2007-05-13,DET,CF,2,,"Niedermayer, Scott",ANA,4-3,DET,1,14:17
2007-05-19,BUF,CF,5,x,"Alfredsson, Daniel",OTT,3-2,BUF,1,9:32
2007-05-20,DET,CF,5,,"Selänne, Teemu",ANA,2-1,DET,1,11:57
2008-04-09,MIN,CQF,1,,"Sakic, Joe",COL,3-2,MIN,1,11:11
2008-04-11,MIN,CQF,2,,"Carney, Keith",MIN,3-2,COL,1,1:14
2008-04-12,MTL,CQF,2,,"Kovalev, Alex",MTL,3-2,BOS,1,2:30
2008-04-13,BOS,CQF,3,,"Savard, Marc",BOS,2-1,MTL,1,9:25
2008-04-13,NYR,CQF,3,,"Madden, John",NJD,4-3,NYR,1,6:01
2008-04-14,COL,CQF,3,,"Bouchard, Pierre-Marc",MIN,3-2,COL,1,11:58
2008-04-17,PHI,CQF,4,,"Knuble, Mike",PHI,4-3,WSH,2,26:40
2008-04-18,DET,CQF,5,,"Franzén, Johan",DET,2-1,NSH,1,1:48
2008-04-22,WSH,CQF,7,x,"Lupul, Joffrey",PHI,3-2,WSH,1,6:06
2008-04-24,MTL,CSF,1,,"Kostopoulos, Tom",MTL,4-3,PHI,1,0:48
2008-04-25,SJS,CSF,1,,"Morrow, Brenden",DAL,3-2,SJS,1,4:39
2008-04-29,DAL,CSF,3,,"Norström, Mattias",DAL,2-1,SJS,1,4:37
2008-05-02,SJS,CSF,5,,"Pavelski, Joe",SJS,3-2,DAL,1,1:05
2008-05-04,DAL,CSF,6,x,"Morrow, Brenden",DAL,2-1,SJS,4,69:03
2008-05-04,PIT,CSF,5,x,"Hossa, Marián",PIT,3-2,NYR,1,7:10
2008-06-02,DET,F,5,,"Sýkora, Petr",PIT,4-3,DET,3,49:57
2009-04-16,CHI,CQF,1,,"Havlát, Martin",CHI,3-2,CGY,1,0:12
2009-04-17,NJD,CQF,2,,"Gleason, Tim",CAR,2-1,NJD,1,2:40
2009-04-17,PIT,CQF,2,,"Guerin, Bill",PIT,3-2,PHI,1,18:29
2009-04-19,CAR,CQF,3,,"Zajac, Travis",NJD,3-2,CAR,1,4:58
2009-04-21,STL,CQF,4,x,"Burrows, Alexandre",VAN,3-2,STL,1,19:41
2009-04-25,SJS,CQF,5,,"Marleau, Patrick",SJS,3-2,ANA,1,6:02
2009-05-03,DET,CSF,2,,"Marchant, Todd",ANA,4-3,DET,3,41:15
2009-05-06,CAR,CSF,3,,"Jokinen, Jussi",CAR,3-2,BOS,1,2:48
2009-05-06,PIT,CSF,3,,"Letang, Kris",PIT,3-2,WSH,1,11:23
2009-05-07,CHI,CSF,4,,"Ladd, Andrew",CHI,2-1,VAN,1,2:52
2009-05-09,WSH,CSF,5,,"Malkin, Evgeni",PIT,4-3,WSH,1,3:28
2009-05-11,PIT,CSF,6,,"Steckel, David",WSH,5-4,PIT,1,6:22
2009-05-14,BOS,CSF,7,x,"Walker, Scott",CAR,3-2,BOS,1,18:46
2009-05-19,DET,CF,2,,"Samuelsson, Mikael",DET,3-2,CHI,1,5:14
2009-05-22,CHI,CF,3,,"Sharp, Patrick",CHI,4-3,DET,1,1:52
2009-05-27,DET,CF,5,x,"Helm, Darren",DET,2-1,CHI,1,3:58
2010-04-15,VAN,CQF,1,,"Samuelsson, Mikael",VAN,3-2,LAK,1,8:52
2010-04-15,WSH,CQF,1,,"Plekanec, Tomáš",MTL,3-2,WSH,1,13:19
2010-04-16,SJS,CQF,2,,"Setoguchi, Devin",SJS,6-5,COL,1,5:22
2010-04-17,VAN,CQF,2,,"Kopitar, Anže",LAK,3-2,VAN,1,7:28
2010-04-17,WSH,CQF,2,,"Bäckström, Nicklas",WSH,6-5,MTL,1,0:31
2010-04-18,COL,CQF,3,,"O'Reilly, Ryan",COL,1-0,SJS,1,0:51
2010-04-18,PHI,CQF,3,,"Carcillo, Daniel",PHI,3-2,NJD,1,3:35
2010-04-20,COL,CQF,4,,"Pavelski, Joe",SJS,2-1,COL,1,10:24
2010-04-21,BOS,CQF,4,,"Šatan, Miroslav",BOS,3-2,BUF,2,27:41
2010-04-22,PIT,CQF,5,,"Carkner, Matt",OTT,4-3,PIT,3,47:06
2010-04-24,CHI,CQF,5,,"Hossa, Marián",CHI,5-4,NSH,1,4:07
2010-04-24,OTT,CQF,6,x,"Dupuis, Pascal",PIT,4-3,OTT,1,9:56
2010-05-01,BOS,CSF,1,,"Savard, Marc",BOS,5-4,PHI,1,13:52
2010-05-04,DET,CSF,3,,"Marleau, Patrick",SJS,4-3,DET,1,7:07
2010-05-07,PHI,CSF,4,,"Gagné, Simon",PHI,5-4,BOS,1,14:40
2010-05-21,CHI,CF,3,,"Byfuglien, Dustin",CHI,3-2,SJS,1,12:24
2010-06-02,PHI,F,3,,"Giroux, Claude",PHI,4-3,CHI,1,5:59
2010-06-09,PHI,F,6,x,"Kane, Patrick",CHI,4-3,PHI,1,4:06
2011-04-13,WSH,CQF,1,,"Semin, Alexander",WSH,2-1,NYR,1,18:24
2011-04-14,SJS,CQF,1,,"Pavelski, Joe",SJS,3-2,LAK,1,14:44
2011-04-19,LAK,CQF,3,,"Setoguchi, Devin",SJS,6-5,LAK,1,3:09
2011-04-20,NYR,CQF,4,,"Chimera, Jason",WSH,4-3,NYR,2,32:36
2011-04-20,TBL,CQF,4,,"Neal, James",PIT,3-2,TBL,2,23:38
2011-04-21,MTL,CQF,4,,"Ryder, Michael",BOS,5-4,MTL,1,1:59
2011-04-22,ANA,CQF,5,,"Smithson, Jerred",NSH,4-3,ANA,1,1:57
2011-04-22,PHI,CQF,5,,"Ennis, Tyler",BUF,4-3,PHI,1,5:31
2011-04-23,BOS,CQF,5,,"Horton, Nathan",BOS,2-1,MTL,2,29:03
2011-04-24,BUF,CQF,6,,"Leino, Ville",PHI,5-4,BUF,1,4:43
2011-04-24,CHI,CQF,6,,"Smith, Ben",CHI,4-3,VAN,1,15:30
2011-04-25,LAK,CQF,6,x,"Thornton, Joe",SJS,4-3,LAK,1,2:22
2011-04-26,VAN,CQF,7,x,"Burrows, Alexandre",VAN,2-1,CHI,1,5:22
2011-04-27,BOS,CQF,7,x,"Horton, Nathan",BOS,4-3,MTL,1,5:43
2011-04-29,SJS,CSF,1,,"Ferriero, Benn",SJS,2-1,DET,1,7:03
2011-04-30,VAN,CSF,2,,"Halischuk, Matt",NSH,2-1,VAN,2,34:51
2011-05-01,WSH,CSF,2,,"Lecavalier, Vincent",TBL,3-2,WSH,1,6:19
2011-05-02,PHI,CSF,2,,"Krejčí, David",BOS,3-2,PHI,1,14:00
2011-05-03,NSH,CSF,3,,"Kesler, Ryan",VAN,3-2,NSH,1,10:49
2011-05-04,DET,CSF,3,,"Setoguchi, Devin",SJS,4-3,DET,1,9:21
2011-05-24,VAN,CF,5,x,"Bieksa, Kevin",VAN,3-2,SJS,2,30:18
2011-06-04,VAN,F,2,,"Burrows, Alexandre",VAN,3-2,BOS,1,0:11
2012-04-11,PIT,CQF,1,,"Voráček, Jakub",PHI,4-3,PIT,1,2:23
2012-04-12,BOS,CQF,1,,"Kelly, Chris",BOS,1-0,WSH,1,1:18
2012-04-12,PHX,CQF,1,,"Hanzal, Martin",PHX,3-2,CHI,1,9:29
2012-04-12,STL,CQF,1,,"Havlát, Martin",SJS,3-2,STL,2,23:34
2012-04-14,BOS,CQF,2,,"Bäckström, Nicklas",WSH,2-1,BOS,2,22:56
2012-04-14,NYR,CQF,2,,"Neil, Chris",OTT,3-2,NYR,1,1:17
2012-04-14,PHX,CQF,2,,"Bickell, Bryan",CHI,4-3,PHX,1,10:36
2012-04-17,CHI,CQF,3,,"Bødker, Mikkel",PHX,3-2,CHI,1,13:15
2012-04-18,OTT,CQF,4,,"Turris, Kyle",OTT,3-2,NYR,1,2:42
2012-04-19,CHI,CQF,4,,"Bødker, Mikkel",PHX,3-2,CHI,1,2:15
2012-04-21,PHX,CQF,5,,"Toews, Jonathan",CHI,2-1,PHX,1,2:44
2012-04-22,VAN,CQF,5,x,"Stoll, Jarret",LAK,2-1,VAN,1,4:27
2012-04-22,WSH,CQF,6,,"Seguin, Tyler",BOS,4-3,WSH,1,3:17
2012-04-24,NJD,CQF,6,,"Zajac, Travis",NJD,3-2,FLA,1,5:39
2012-04-25,BOS,CQF,7,x,"Ward, Joel",WSH,2-1,BOS,1,2:57
2012-04-26,FLA,CQF,7,x,"Henrique, Adam",NJD,3-2,FLA,2,23:47
2012-04-27,PHX,CSF,1,,"Whitney, Ray",PHX,4-3,NSH,1,14:04
2012-04-29,PHI,CSF,1,,"Brière, Daniel",PHI,4-3,NJD,1,4:36
2012-05-02,WSH,CSF,3,,"Gáborík, Marián",NYR,2-1,WSH,3,54:41
2012-05-03,NJD,CSF,3,,"Ponikarovsky, Alexei",NJD,4-3,PHI,1,17:21
2012-05-07,NYR,CSF,5,,"Staal, Marc",NYR,3-2,WSH,1,1:35
2012-05-22,PHX,CF,5,x,"Penner, Dustin",LAK,4-3,PHX,1,17:42
2012-05-25,NJD,CF,6,x,"Henrique, Adam",NJD,3-2,NYR,1,1:03
2012-05-30,NJD,F,1,,"Kopitar, Anže",LAK,2-1,NJD,1,8:13
2012-06-02,NJD,F,2,,"Carter, Jeff",LAK,2-1,NJD,1,13:42
2013-04-30,CHI,CQF,1,,"Bickell, Bryan",CHI,2-1,MIN,1,16:35
2013-04-30,STL,CQF,1,,"Steen, Alexander",STL,2-1,LAK,1,13:26
2013-05-02,ANA,CQF,2,,"Nyquist, Gustav",DET,5-4,ANA,1,1:21
2013-05-03,VAN,CQF,2,,"Torres, Raffi",SJS,3-2,VAN,1,5:31
2013-05-04,WSH,CQF,2,,"Green, Mike",WSH,1-0,NYR,1,8:00
2013-05-05,MIN,CQF,3,,"Zucker, Jason",MIN,3-2,CHI,1,2:15
2013-05-05,NYI,CQF,3,,"Kunitz, Chris",PIT,5-4,NYI,1,8:44
2013-05-06,DET,CQF,4,,"Brunner, Damien",DET,3-2,ANA,1,15:10
2013-05-07,OTT,CQF,4,,"Turris, Kyle",OTT,3-2,MTL,1,2:32
2013-05-07,SJS,CQF,4,x,"Marleau, Patrick",SJS,4-3,VAN,1,13:18
2013-05-08,ANA,CQF,5,,"Bonino, Nick",ANA,3-2,DET,1,1:54
2013-05-08,STL,CQF,5,,"Voynov, Slava",LAK,3-2,STL,1,8:00
2013-05-08,TOR,CQF,4,,"Krejčí, David",BOS,4-3,TOR,1,13:06
2013-05-10,DET,CQF,6,,"Zetterberg, Henrik",DET,4-3,ANA,1,1:04
2013-05-10,WSH,CQF,5,,"Ribeiro, Mike",WSH,2-1,NYR,1,9:24
2013-05-11,NYI,CQF,6,x,"Orpik, Brooks",PIT,4-3,NYI,1,7:49
2013-05-13,BOS,CQF,7,x,"Bergeron, Patrice",BOS,5-4,TOR,1,6:05
2013-05-16,BOS,CSF,1,,"Marchand, Brad",BOS,3-2,NYR,1,15:40
2013-05-18,SJS,CSF,3,,"Couture, Logan",SJS,2-1,LAK,1,1:29
2013-05-19,OTT,CSF,3,,"Greening, Colin",OTT,2-1,PIT,2,27:39
2013-05-23,NYR,CSF,4,,"Kreider, Chris",NYR,4-3,BOS,1,7:03
2013-05-29,CHI,CSF,7,x,"Seabrook, Brent",CHI,2-1,DET,1,3:35
2013-06-05,BOS,CF,3,,"Bergeron, Patrice",BOS,2-1,PIT,2,35:19
2013-06-08,CHI,CF,5,x,"Kane, Patrick",CHI,4-3,LAK,2,31:40
2013-06-12,CHI,F,1,,"Shaw, Andrew",CHI,4-3,BOS,3,52:08
2013-06-15,CHI,F,2,,"Paille, Daniel",BOS,2-1,CHI,1,13:48
2013-06-19,BOS,F,4,,"Seabrook, Brent",CHI,6-5,BOS,1,9:51
2014-04-16,TBL,FR,1,,"Weise, Dale",MTL,5-4,TBL,1,18:08
2014-04-17,COL,FR,1,,"Stastny, Paul",COL,5-4,MIN,1,7:27
2014-04-17,STL,FR,1,,"Steen, Alexander",STL,4-3,CHI,3,40:26
2014-04-19,PIT,FR,2,,"Calvert, Matt",CBJ,4-3,PIT,2,21:10
2014-04-19,STL,FR,2,,"Jackman, Barret",STL,4-3,CHI,1,5:50
2014-04-21,MIN,FR,3,,"Granlund, Mikael",MIN,1-0,COL,1,5:08
2014-04-22,LAK,FR,3,,"Marleau, Patrick",SJS,4-3,LAK,1,6:20
2014-04-23,CBJ,FR,4,,"Foligno, Nick",CBJ,4-3,PIT,1,2:49
2014-04-23,CHI,FR,4,,"Kane, Patrick",CHI,4-3,STL,1,11:17
2014-04-24,DET,FR,4,,"Iginla, Jarome",BOS,3-2,DET,1,13:32
2014-04-25,STL,FR,5,,"Toews, Jonathan",CHI,3-2,STL,1,7:36
2014-04-26,COL,FR,5,,"MacKinnon, Nathan",COL,4-3,MIN,1,3:27
2014-04-27,DAL,FR,6,x,"Bonino, Nick",ANA,5-4,DAL,1,2:47
2014-04-30,COL,FR,7,x,"Niederreiter, Nino",MIN,5-4,COL,1,5:02
2014-05-01,BOS,SR,1,,"Subban, P.K.",MTL,4-3,BOS,2,24:17
2014-05-02,PIT,SR,1,,"Brassard, Derick",NYR,3-2,PIT,1,3:06
2014-05-03,ANA,SR,1,,"Gáborík, Marián",LAK,3-2,ANA,1,12:07
2014-05-08,MTL,SR,4,,"Fraser, Matt",BOS,1-0,MTL,1,1:19
2014-05-13,MIN,SR,6,x,"Kane, Patrick",CHI,2-1,MIN,1,9:42
2014-05-22,NYR,CF,3,,"Galchenyuk, Alex",MTL,3-2,NYR,1,1:12
2014-05-25,NYR,CF,4,,"St. Louis, Martin",NYR,3-2,MTL,1,6:02
2014-05-28,CHI,CF,5,,"Handzuš, Michal",CHI,5-4,LAK,2,22:04
2014-06-01,CHI,CF,7,x,"Martinez, Alec",LAK,5-4,CHI,1,5:47
2014-06-04,LAK,F,1,,"Williams, Justin",LAK,3-2,NYR,1,4:36
2014-06-07,LAK,F,2,,"Brown, Dustin",LAK,5-4,NYR,2,30:26
2014-06-13,LAK,F,5,x,"Martinez, Alec",LAK,3-2,NYR,2,34:43
2015-04-15,NSH,FR,1,,"Keith, Duncan",CHI,4-3,NSH,2,27:49
2015-04-17,MTL,FR,2,,"Galchenyuk, Alex",MTL,3-2,OTT,1,3:40
2015-04-19,NYI,FR,3,,"Tavares, John",NYI,2-1,WSH,1,0:15
2015-04-19,OTT,FR,3,,"Weise, Dale",MTL,2-1,OTT,1,8:47
2015-04-20,WPG,FR,3,,"Rakell, Rickard",ANA,5-4,WPG,1,5:12
2015-04-21,CHI,FR,4,,"Seabrook, Brent",CHI,3-2,NSH,3,41:00
2015-04-21,NYI,FR,4,,"Bäckström, Nicklas",WSH,2-1,NYI,1,11:09
2015-04-22,PIT,FR,4,,"Hayes, Kevin",NYR,2-1,PIT,1,3:14
2015-04-23,DET,FR,4,,"Johnson, Tyler",TBL,3-2,DET,1,2:25
2015-04-24,NYR,FR,5,x,"Hagelin, Carl",NYR,2-1,PIT,1,10:52
2015-05-01,MTL,SR,1,,"Kucherov, Nikita",TBL,2-1,MTL,2,22:06
2015-05-05,CGY,SR,3,,"Backlund, Mikael",CGY,4-3,ANA,1,4:24
2015-05-08,NYR,SR,5,,"McDonagh, Ryan",NYR,2-1,WSH,1,9:37
2015-05-10,ANA,SR,5,x,"Perry, Corey",ANA,3-2,CGY,1,2:26
2015-05-13,NYR,SR,7,x,"Stepan, Derek",NYR,2-1,WSH,1,11:24
2015-05-19,ANA,CF,2,,"Krüger, Marcus",CHI,3-2,ANA,3,56:12
2015-05-20,TBL,CF,3,,"Kucherov, Nikita",TBL,6-5,NYR,1,3:33
2015-05-23,CHI,CF,4,,"Vermette, Antoine",CHI,5-4,ANA,2,25:37
2015-05-25,ANA,CF,5,,"Beleskey, Matt",ANA,5-4,CHI,1,0:45
2016-04-13,STL,FR,1,,"Backes, David",STL,1-0,CHI,1,9:04
2016-04-17,NYI,FR,3,,"Hickey, Thomas",NYI,4-3,FLA,1,12:31
2016-04-18,SJS,FR,3,,"Pearson, Tanner",LAK,2-1,SJS,1,3:47
2016-04-21,STL,FR,5,,"Kane, Patrick",CHI,4-3,STL,2,23:07
2016-04-22,DAL,FR,5,,"Koivu, Mikko",MIN,5-4,DAL,1,4:55
2016-04-22,FLA,FR,5,,"Quine, Alan",NYI,2-1,FLA,2,36:00
2016-04-24,NYI,FR,6,x,"Tavares, John",NYI,2-1,FLA,2,30:41
2016-04-28,WSH,SR,1,,"Oshie, T.J.",WSH,4-3,PIT,1,9:33
2016-05-01,DAL,SR,2,,"Backes, David",STL,4-3,DAL,1,10:58
2016-05-03,NYI,SR,3,,"Boyle, Brian",TBL,5-4,NYI,1,2:48
2016-05-04,PIT,SR,4,,"Hörnqvist, Patric",PIT,3-2,WSH,1,2:34
2016-05-05,NSH,SR,4,,"Fisher, Mike",NSH,4-3,SJS,3,51:12
2016-05-05,STL,SR,4,,"Eakin, Cody",DAL,3-2,STL,1,2:58
2016-05-06,NYI,SR,4,,"Garrison, Jason",TBL,2-1,NYI,1,1:34
2016-05-09,NSH,SR,6,,"Arvidsson, Viktor",NSH,4-3,SJS,1,2:03
2016-05-10,PIT,SR,6,x,"Bonino, Nick",PIT,4-3,WSH,1,6:32
2016-05-16,PIT,CF,2,,"Crosby, Sidney",PIT,3-2,TBL,1,0:40
2016-05-22,PIT,CF,5,,"Johnson, Tyler",TBL,4-3,PIT,1,0:53
2016-06-01,PIT,F,2,,"Sheary, Conor",PIT,2-1,SJS,1,2:35
2016-06-04,SJS,F,3,,"Donskoi, Joonas",SJS,3-2,PIT,1,12:18
2017-04-12,EDM,FR,1,,"Karlsson, Melker",SJS,3-2,EDM,1,3:22
2017-04-12,MIN,FR,1,,"Edmundson, Joel",STL,2-1,MIN,1,17:48
2017-04-13,WSH,FR,1,,"Wilson, Tom",WSH,3-2,TOR,1,5:15
2017-04-14,MTL,FR,2,,"Radulov, Alexander",MTL,4-3,NYR,1,18:34
2017-04-15,OTT,FR,2,,"Phaneuf, Dion",OTT,4-3,BOS,1,1:59
2017-04-15,WSH,FR,2,,"Kapanen, Kasperi",TOR,4-3,WSH,2,31:53
2017-04-16,CBJ,FR,3,,"Guentzel, Jake",PIT,5-4,CBJ,1,13:10
2017-04-17,BOS,FR,3,,"Ryan, Bobby",OTT,4-3,BOS,1,5:43
2017-04-17,CGY,FR,3,,"Perry, Corey",ANA,5-4,CGY,1,1:30
2017-04-17,NSH,FR,3,,"Fiala, Kevin",NSH,3-2,CHI,1,16:44
2017-04-17,TOR,FR,3,,"Bozak, Tyler",TOR,4-3,WSH,1,1:37
2017-04-20,EDM,FR,5,,"Desharnais, David",EDM,4-3,SJS,1,18:15
2017-04-20,MTL,FR,5,,"Zibanejad, Mika",NYR,3-2,MTL,1,14:22
2017-04-21,OTT,FR,5,,"Kuraly, Sean",BOS,3-2,OTT,2,30:19
2017-04-21,WSH,FR,5,,"Williams, Justin",WSH,2-1,TOR,1,1:04
2017-04-22,MIN,FR,5,x,"Pääjärvi, Magnus",STL,4-3,MIN,1,9:42
2017-04-23,BOS,FR,6,x,"MacArthur, Clarke",OTT,3-2,BOS,1,6:30
2017-04-23,TOR,FR,6,x,"Johansson, Marcus",WSH,2-1,TOR,1,6:31
2017-04-29,OTT,SR,2,,"Pageau, Jean-Gabriel",OTT,6-5,NYR,2,22:54
2017-05-01,PIT,SR,3,,"Shattenkirk, Kevin",WSH,3-2,PIT,1,3:13
2017-05-03,EDM,SR,4,,"Silfverberg, Jakob",ANA,4-3,EDM,1,0:45
2017-05-05,ANA,SR,5,,"Perry, Corey",ANA,4-3,EDM,2,26:57
2017-05-06,OTT,SR,5,,"Turris, Kyle",OTT,5-4,NYR,1,6:28
2017-05-12,ANA,CF,1,,"Neal, James",NSH,3-2,ANA,1,9:24
2017-05-13,PIT,CF,1,,"Ryan, Bobby",OTT,2-1,PIT,1,4:59
2017-05-18,NSH,CF,4,,"Perry, Corey",ANA,3-2,NSH,1,10:25
2017-05-25,PIT,CF,7,x,"Kunitz, Chris",PIT,3-2,OTT,2,25:09
2018-04-12,WSH,FR,1,,"Panarin, Artemi",CBJ,4-3,WSH,1,6:02
2018-04-13,VEG,FR,2,,"Haula, Erik",VEG,2-1,LAK,2,35:23
2018-04-15,WSH,FR,2,,"Calvert, Matt",CBJ,5-4,WSH,1,12:22
2018-04-17,CBJ,FR,3,,"Eller, Lars",WSH,3-2,CBJ,2,29:00
2018-04-21,WSH,FR,5,,"Bäckström, Nicklas",WSH,4-3,CBJ,1,11:53
2018-04-28,VEG,SR,2,,"Couture, Logan",SJS,4-3,VEG,2,25:13
2018-04-29,NSH,SR,2,,"Fiala, Kevin",NSH,5-4,WPG,2,25:37
2018-04-30,SJS,SR,3,,"Karlsson, William",VEG,4-3,SJS,1,8:17
2018-05-04,BOS,SR,4,,"Girardi, Dan",TBL,4-3,BOS,1,3:18
2018-05-07,PIT,SR,6,x,"Kuznetsov, Evgeny",WSH,2-1,PIT,1,5:27
2019-04-10,Uniondale,FR,1,,"Bailey, Josh",NYI,4-3,PIT,1,4:39
2019-04-13,CGY,FR,2,,"MacKinnon, Nathan",COL,3-2,CGY,1,8:27
2019-04-13,NSH,FR,2,,"Smith, Craig",NSH,2-1,DAL,1,5:00
2019-04-13,WSH,FR,2,,"Orpik, Brooks",WSH,4-3,CAR,1,1:48
2019-04-16,STL,FR,4,,"Connor, Kyle",WPG,2-1,STL,1,6:02
2019-04-17,COL,FR,4,,"Rantanen, Mikko",COL,3-2,CGY,1,10:23
2019-04-21,VEG,FR,6,,"Hertl, Tomáš",SJS,2-1,VEG,2,31:17
2019-04-22,DAL,FR,6,x,"Klingberg, John",DAL,2-1,NSH,1,17:02
2019-04-23,SJS,FR,7,x,"Goodrow, Barclay",SJS,5-4,VEG,1,18:19
2019-04-24,WSH,FR,7,x,"McGinn, Brock",CAR,4-3,WSH,2,31:05
2019-04-25,BOS,SR,1,,"Coyle, Charlie",BOS,3-2,CBJ,1,5:15
2019-04-26,NYI,SR,1,,"Staal, Jordan",CAR,1-0,NYI,1,4:04
2019-04-27,BOS,SR,2,,"Duchene, Matt",CBJ,3-2,BOS,2,23:42
2019-05-06,COL,SR,6,,"Landeskog, Gabriel",COL,4-3,SJS,1,2:32
2019-05-07,STL,SR,7,x,"Maroon, Pat",STL,2-1,DAL,2,25:50
2019-05-15,STL,CF,3,,"Karlsson, Erik",SJS,5-4,STL,1,5:23
2019-05-29,BOS,F,2,,"Gunnarsson, Carl",STL,3-2,BOS,1,3:51
2020-08-01,Toronto,QUR,1,,"Petry, Jeff",MTL,3-2,PIT,1,13:57
2020-08-06,Toronto,QUR,3,,"Dubois, Pierre-Luc",CBJ,4-3,TOR,1,18:24
2020-08-07,Edmonton,QUR,4,x,"Richardson, Brad",ARI,4-3,NSH,1,5:27
2020-08-07,Toronto,QUR,4,,"Matthews, Auston",TOR,4-3,CBJ,1,13:10
2020-08-07,Edmonton,QUR,4,x,"Tanev, Chris",VAN,5-4,MIN,1,0:11
2020-08-11,Toronto,FR,1,,"Point, Brayden",TBL,3-2,CBJ,5,90:27
2020-08-12,Toronto,FR,1,,"Bergeron, Patrice",BOS,4-3,CAR,2,21:13
2020-08-13,Edmonton,FR,2,,"Smith, Reilly",VEG,4-3,CHI,1,7:13
2020-08-14,Edmonton,FR,2,,"Horvat, Bo",VAN,4-3,STL,1,5:55
2020-08-16,Edmonton,FR,4,,"Radulov, Alexander",DAL,5-4,CGY,1,16:05
2020-08-16,Toronto,FR,3,,"Barzal, Mathew",NYI,2-1,WSH,1,4:28
2020-08-16,Edmonton,FR,3,,"Schenn, Brayden",STL,3-2,VAN,1,15:06
2020-08-19,Toronto,FR,5,x,"Point, Brayden",TBL,5-4,CBJ,1,5:12
2020-08-25,Toronto,SR,2,,"Palát, Ondřej",TBL,4-3,BOS,1,4:40
2020-08-26,Toronto,SR,2,,"Myers, Philippe",PHI,4-3,NYI,1,2:41
2020-08-31,Toronto,SR,5,x,"Hedman, Victor",TBL,3-2,BOS,2,34:10
2020-09-01,Toronto,SR,5,,"Laughton, Scott",PHI,4-3,NYI,1,12:20
2020-09-03,Toronto,SR,6,,"Provorov, Ivan",PHI,5-4,NYI,2,35:03
2020-09-04,Edmonton,SR,7,x,"Kiviranta, Joel",DAL,5-4,COL,1,7:24
2020-09-10,Edmonton,CF,3,,"Radulov, Alexander",DAL,3-2,VEG,1,0:31
2020-09-14,Edmonton,CF,5,x,"Gurianov, Denis",DAL,3-2,VEG,1,3:36
2020-09-15,Edmonton,CF,5,,"Eberle, Jordan",NYI,2-1,TBL,2,32:30
2020-09-17,Edmonton,CF,6,x,"Cirelli, Anthony",TBL,2-1,NYI,1,13:18
2020-09-25,Edmonton,F,4,,"Shattenkirk, Kevin",TBL,5-4,DAL,1,6:34
2020-09-26,Edmonton,F,5,,"Perry, Corey",DAL,3-2,TBL,2,29:23
2021-05-15,WSH,FR,1,,"Dowd, Nic",WSH,3-2,BOS,1,4:41
2021-05-16,PIT,FR,1,,"Palmieri, Kyle",NYI,4-3,PIT,1,16:30
2021-05-16,VEG,FR,1,,"Eriksson Ek, Joel",MIN,1-0,VEG,1,3:20
2021-05-17,WSH,FR,2,,"Marchand, Brad",BOS,4-3,WSH,1,0:39
2021-05-19,BOS,FR,3,,"Smith, Craig",BOS,3-2,WSH,2,25:48
2021-05-20,TBL,FR,3,,"Lomberg, Ryan",FLA,6-5,TBL,1,5:56
2021-05-21,EDM,FR,2,,"Stastny, Paul",WPG,1-0,EDM,1,4:06
2021-05-21,NSH,FR,3,,"Duchene, Matt",NSH,5-4,CAR,2,34:54
2021-05-23,NSH,FR,4,,"Kunin, Luke",NSH,4-3,CAR,2,36:10
2021-05-23,WPG,FR,3,,"Ehlers, Nikolaj",WPG,5-4,EDM,1,9:13
2021-05-24,PIT,FR,5,,"Bailey, Josh",NYI,3-2,PIT,2,20:51
2021-05-24,WPG,FR,4,x,"Connor, Kyle",WPG,4-3,EDM,3,46:52
2021-05-25,CAR,FR,5,,"Staal, Jordan",CAR,3-2,NSH,1,2:03
2021-05-27,NSH,FR,6,x,"Aho, Sebastian",CAR,4-3,NSH,1,1:06
2021-05-27,TOR,FR,5,,"Suzuki, Nick",MTL,4-3,TOR,1,0:59
2021-05-29,MTL,FR,6,,"Kotkaniemi, Jesperi",MTL,3-2,TOR,1,15:15
2021-05-31,BOS,SR,2,,"Cizikas, Casey",NYI,4-3,BOS,1,14:48
2021-06-02,COL,SR,2,,"Rantanen, Mikko",COL,3-2,VEG,1,2:07
2021-06-03,NYI,SR,3,,"Marchand, Brad",BOS,2-1,NYI,1,3:36
2021-06-03,TBL,SR,3,,"Staal, Jordan",CAR,3-2,TBL,1,5:57
2021-06-07,MTL,SR,4,x,"Toffoli, Tyler",MTL,3-2,WPG,1,1:39
2021-06-08,COL,SR,5,,"Stone, Mark",VEG,3-2,COL,1,0:50
2021-06-18,MTL,SF,3,,"Anderson, Josh",MTL,3-2,VEG,1,12:53
2021-06-20,MTL,SF,4,,"Roy, Nicolas",VEG,2-1,MTL,1,1:18
2021-06-23,NYI,SF,6,,"Beauvillier, Anthony",NYI,3-2,TBL,1,1:08
2021-06-24,MTL,SF,6,x,"Lehkonen, Artturi",MTL,3-2,VEG,1,1:39
2021-07-05,MTL,F,4,,"Anderson, Josh",MTL,3-2,TBL,1,3:57
2022-05-03,NYR,FR,1,,"Malkin, Evgeni",PIT,4-3,NYR,3,45:58
2022-05-05,COL,FR,2,,"Makar, Cale",COL,2-1,NSH,1,8:31
2022-05-09,WSH,FR,4,,"Verhaeghe, Carter",FLA,3-2,WSH,1,4:57
2022-05-10,EDM,FR,5,,"Kempe, Adrian",LAK,5-4,EDM,1,1:12
2022-05-12,TBL,FR,6,,"Point, Brayden",TBL,4-3,TOR,1,18:04
2022-05-13,WSH,FR,6,x,"Verhaeghe, Carter",FLA,4-3,WSH,1,2:46
2022-05-15,CGY,FR,7,x,"Gaudreau, Johnny",CGY,3-2,DAL,1,15:09
2022-05-15,NYR,FR,7,x,"Panarin, Artemi",NYR,4-3,PIT,1,4:46
2022-05-17,COL,SR,1,,"Manson, Josh",COL,3-2,STL,1,8:02
2022-05-18,CAR,SR,1,,"Cole, Ian",CAR,2-1,NYR,1,3:12
2022-05-25,COL,SR,5,,"Bozak, Tyler",STL,5-4,COL,1,3:38
2022-05-26,CGY,SR,5,x,"McDavid, Connor",EDM,5-4,CGY,1,5:03
2022-06-06,EDM,CF,4,x,"Lehkonen, Artturi",COL,6-5,EDM,1,1:19
2022-06-15,COL,F,1,,"Burakovsky, André",COL,4-3,TBL,1,1:23
2022-06-22,TBL,F,4,,"Kadri, Nazem",COL,3-2,TBL,1,12:02
2023-04-17,DAL,FR,1,,"Hartman, Ryan",MIN,3-2,DAL,2,32:20
2023-04-17,EDM,FR,1,,"Iafallo, Alex",LAK,4-3,EDM,1,9:19
2023-04-19,CAR,FR,2,,"Fast, Jesper",CAR,4-3,NYI,1,5:03
2023-04-21,LAK,FR,3,,"Moore, Trevor",LAK,3-2,EDM,1,3:24
2023-04-22,NYR,FR,3,,"Hamilton, Dougie",NJD,2-1,NYR,1,11:36
2023-04-22,TBL,FR,3,,"Rielly, Morgan",TOR,4-3,TBL,1,19:15
2023-04-22,WPG,FR,3,,"Amadio, Michael",VEG,5-4,WPG,2,23:40
2023-04-23,LAK,FR,4,,"Hyman, Zach",EDM,5-4,LAK,1,10:39
2023-04-24,SEA,FR,4,,"Eberle, Jordan",SEA,3-2,COL,1,3:00
2023-04-24,TBL,FR,4,,"Kerfoot, Alexander",TOR,5-4,TBL,1,4:14
2023-04-26,BOS,FR,5,,"Tkachuk, Matthew",FLA,4-3,BOS,1,6:05
2023-04-28,NYI,FR,6,x,"Stastny, Paul",CAR,2-1,NYI,1,6:00
2023-04-29,TBL,FR,6,x,"Tavares, John",TOR,2-1,TBL,1,4:36
2023-04-30,BOS,FR,7,x,"Verhaeghe, Carter",FLA,4-3,BOS,1,8:35
2023-05-02,DAL,SR,1,,"Gourde, Yanni",SEA,5-4,DAL,1,12:17
2023-05-07,FLA,SR,3,,"Reinhart, Sam",FLA,3-2,TOR,1,3:02
2023-05-11,CAR,SR,5,x,"Fast, Jesper",CAR,3-2,NJD,1,7:09
2023-05-12,TOR,SR,5,x,"Cousins, Nick",FLA,3-2,TOR,1,15:32
2023-05-18,CAR,CF,1,,"Tkachuk, Matthew",FLA,3-2,CAR,4,79:47
2023-05-19,VEG,CF,1,,"Howden, Brett",VEG,4-3,DAL,1,1:35
2023-05-20,CAR,CF,2,,"Tkachuk, Matthew",FLA,2-1,CAR,1,1:51
2023-05-21,VEG,CF,2,,"Stephenson, Chandler",VEG,3-2,DAL,1,1:12
2023-05-25,DAL,CF,4,,"Pavelski, Joe",DAL,3-2,VEG,1,3:18
2023-06-08,FLA,F,3,,"Verhaeghe, Carter",FLA,3-2,VEG,1,4:27
2024-04-23,FLA,FR,2,,"Verhaeghe, Carter",FLA,3-2,TBL,1,2:59
2024-04-24,EDM,FR,2,,"Kopitar, Anže",LAK,5-4,EDM,1,2:07
2024-04-27,NYI,FR,4,,"Barzal, Mathew",NYI,3-2,CAR,2,21:24
2024-04-27,VEG,FR,3,,"Johnston, Wyatt",DAL,3-2,VEG,1,16:23
2024-04-28,NSH,FR,4,,"Lindholm, Elias",VAN,4-3,NSH,1,1:02
2024-04-30,BOS,FR,5,,"Knies, Matthew",TOR,2-1,BOS,1,2:26
